id,name,type,location,prefecture,rank,school_strength
1,狛犬大学附属苫小牧高校,高校,北海道苫小牧,北海道,名門,50
2,北海道高校,高校,北海道札幌,北海道,名門,50
3,札幌大山高校,高校,北海道札幌,北海道,強豪,50
4,知内高校,高校,北海道知内,北海道,強豪,50
5,旭川至宝高校,高校,北海道旭川,北海道,強豪,50
6,白川学園,高校,北海道芽室,北海道,強豪,50
7,帯広東高等学校,高校,北海道帯広,北海道,中堅,50
8,北見西高等学校,高校,北海道北見,北海道,中堅,50
9,釧路南高等学校,高校,北海道釧路,北海道,中堅,50
10,網走北高等学校,高校,北海道網走,北海道,中堅,50
11,札幌中央高等学校,高校,北海道札幌,北海道,中堅,50
12,旭川新高等学校,高校,北海道旭川,北海道,中堅,50
13,函館総合高等学校,高校,北海道函館,北海道,中堅,50
14,小樽第一高等学校,高校,北海道小樽,北海道,弱小,50
15,室蘭第二高等学校,高校,北海道室蘭,北海道,弱小,50
16,苫小牧商業高等学校,高校,北海道苫小牧,北海道,弱小,50
17,帯広工業高等学校,高校,北海道帯広,北海道,弱小,50
18,北見農業高等学校,高校,北海道北見,北海道,弱小,50
19,釧路総合高等学校,高校,北海道釧路,北海道,弱小,50
20,網走普通高等学校,高校,北海道網走,北海道,弱小,50
21,札幌商業高等学校,高校,北海道札幌,北海道,弱小,50
22,旭川工業高等学校,高校,北海道旭川,北海道,弱小,50
23,函館農業高等学校,高校,北海道函館,北海道,弱小,50
24,小樽総合高等学校,高校,北海道小樽,北海道,弱小,50
25,室蘭普通高等学校,高校,北海道室蘭,北海道,弱小,50
26,苫小牧東高等学校,高校,北海道苫小牧,北海道,弱小,50
27,帯広西高等学校,高校,北海道帯広,北海道,弱小,50
28,北見南高等学校,高校,北海道北見,北海道,弱小,50
29,釧路北高等学校,高校,北海道釧路,北海道,弱小,50
30,網走中央高等学校,高校,北海道網走,北海道,弱小,50
31,札幌新高等学校,高校,北海道札幌,北海道,弱小,50
32,旭川東高等学校,高校,北海道旭川,北海道,弱小,50
51,青森山台高校,高校,青森県青森,青森県,名門,50
52,八戸学院高校,高校,青森県八戸,青森県,名門,50
53,弘前学院高校,高校,青森県弘前,青森県,強豪,50
54,八戸工業大付属高校,高校,青森県八戸,青森県,強豪,50
55,黒石第二高等学校,高校,青森県黒石,青森県,強豪,50
56,十和田第四高等学校,高校,青森県十和田,青森県,強豪,50
57,三沢東高等学校,高校,青森県三沢,青森県,中堅,50
58,むつ西高等学校,高校,青森県むつ,青森県,中堅,50
59,つがる南高等学校,高校,青森県つがる,青森県,中堅,50
60,平川北高等学校,高校,青森県平川,青森県,中堅,50
61,青森中央高等学校,高校,青森県青森,青森県,中堅,50
62,弘前新高等学校,高校,青森県弘前,青森県,中堅,50
63,八戸総合高等学校,高校,青森県八戸,青森県,中堅,50
64,黒石第一高等学校,高校,青森県黒石,青森県,弱小,50
65,五所川原第二高等学校,高校,青森県五所川原,青森県,弱小,50
66,十和田商業高等学校,高校,青森県十和田,青森県,弱小,50
67,三沢工業高等学校,高校,青森県三沢,青森県,弱小,50
68,むつ農業高等学校,高校,青森県むつ,青森県,弱小,50
69,つがる総合高等学校,高校,青森県つがる,青森県,弱小,50
70,平川普通高等学校,高校,青森県平川,青森県,弱小,50
71,青森商業高等学校,高校,青森県青森,青森県,弱小,50
72,弘前工業高等学校,高校,青森県弘前,青森県,弱小,50
73,八戸農業高等学校,高校,青森県八戸,青森県,弱小,50
74,黒石総合高等学校,高校,青森県黒石,青森県,弱小,50
75,五所川原普通高等学校,高校,青森県五所川原,青森県,弱小,50
76,十和田東高等学校,高校,青森県十和田,青森県,弱小,50
77,三沢西高等学校,高校,青森県三沢,青森県,弱小,50
78,むつ南高等学校,高校,青森県むつ,青森県,弱小,50
79,つがる北高等学校,高校,青森県つがる,青森県,弱小,50
80,平川中央高等学校,高校,青森県平川,青森県,弱小,50
81,青森新高等学校,高校,青森県青森,青森県,弱小,50
82,弘前東高等学校,高校,青森県弘前,青森県,弱小,50
101,盛岡第一高等学校,高校,岩手県盛岡,岩手県,名門,50
102,花巻第一高校,高校,岩手県花巻,岩手県,名門,50
103,大船渡第一高等学校,高校,岩手県大船渡,岩手県,強豪,50
104,花巻第二高等学校,高校,岩手県花巻,岩手県,強豪,50
105,北上市第三高等学校,高校,岩手県北上市,岩手県,強豪,50
106,久慈第四高等学校,高校,岩手県久慈,岩手県,強豪,50
107,遠野東高等学校,高校,岩手県遠野,岩手県,中堅,50
108,一関西高等学校,高校,岩手県一関,岩手県,中堅,50
109,陸前高田南高等学校,高校,岩手県陸前高田,岩手県,中堅,50
110,釜石北高等学校,高校,岩手県釜石,岩手県,中堅,50
111,盛岡中央高等学校,高校,岩手県盛岡,岩手県,中堅,50
112,宮古新高等学校,高校,岩手県宮古,岩手県,中堅,50
113,大船渡総合高等学校,高校,岩手県大船渡,岩手県,中堅,50
114,花巻第一高等学校,高校,岩手県花巻,岩手県,弱小,50
115,北上市第二高等学校,高校,岩手県北上市,岩手県,弱小,50
116,久慈商業高等学校,高校,岩手県久慈,岩手県,弱小,50
117,遠野工業高等学校,高校,岩手県遠野,岩手県,弱小,50
118,一関農業高等学校,高校,岩手県一関,岩手県,弱小,50
119,陸前高田総合高等学校,高校,岩手県陸前高田,岩手県,弱小,50
120,釜石普通高等学校,高校,岩手県釜石,岩手県,弱小,50
121,盛岡商業高等学校,高校,岩手県盛岡,岩手県,弱小,50
122,宮古工業高等学校,高校,岩手県宮古,岩手県,弱小,50
123,大船渡農業高等学校,高校,岩手県大船渡,岩手県,弱小,50
124,花巻総合高等学校,高校,岩手県花巻,岩手県,弱小,50
125,北上市普通高等学校,高校,岩手県北上市,岩手県,弱小,50
126,久慈東高等学校,高校,岩手県久慈,岩手県,弱小,50
127,遠野西高等学校,高校,岩手県遠野,岩手県,弱小,50
128,一関南高等学校,高校,岩手県一関,岩手県,弱小,50
129,陸前高田北高等学校,高校,岩手県陸前高田,岩手県,弱小,50
130,釜石中央高等学校,高校,岩手県釜石,岩手県,弱小,50
131,盛岡新高等学校,高校,岩手県盛岡,岩手県,弱小,50
132,宮古東高等学校,高校,岩手県宮古,岩手県,弱小,50
151,仙台北栄高校,高校,宮城県多賀城市,宮城県,名門,50
152,聖羽高校,高校,宮城県仙台市,宮城県,名門,50
153,塩竈第一高等学校,高校,宮城県塩竈,宮城県,強豪,50
154,気仙沼第二高等学校,高校,宮城県気仙沼,宮城県,強豪,50
155,白石第三高等学校,高校,宮城県白石,宮城県,強豪,50
156,名取第四高等学校,高校,宮城県名取,宮城県,強豪,50
157,角田東高等学校,高校,宮城県角田,宮城県,中堅,50
158,多賀城西高等学校,高校,宮城県多賀城,宮城県,中堅,50
159,岩沼南高等学校,高校,宮城県岩沼,宮城県,中堅,50
160,登米北高等学校,高校,宮城県登米,宮城県,中堅,50
161,仙台中央高等学校,高校,宮城県仙台,宮城県,中堅,50
162,石巻新高等学校,高校,宮城県石巻,宮城県,中堅,50
163,塩竈総合高等学校,高校,宮城県塩竈,宮城県,中堅,50
164,気仙沼第一高等学校,高校,宮城県気仙沼,宮城県,弱小,50
165,白石第二高等学校,高校,宮城県白石,宮城県,弱小,50
166,名取商業高等学校,高校,宮城県名取,宮城県,弱小,50
167,角田工業高等学校,高校,宮城県角田,宮城県,弱小,50
168,多賀城農業高等学校,高校,宮城県多賀城,宮城県,弱小,50
169,岩沼総合高等学校,高校,宮城県岩沼,宮城県,弱小,50
170,登米普通高等学校,高校,宮城県登米,宮城県,弱小,50
171,仙台商業高等学校,高校,宮城県仙台,宮城県,弱小,50
172,石巻工業高等学校,高校,宮城県石巻,宮城県,弱小,50
173,塩竈農業高等学校,高校,宮城県塩竈,宮城県,弱小,50
174,気仙沼総合高等学校,高校,宮城県気仙沼,宮城県,弱小,50
175,白石普通高等学校,高校,宮城県白石,宮城県,弱小,50
176,名取東高等学校,高校,宮城県名取,宮城県,弱小,50
177,角田西高等学校,高校,宮城県角田,宮城県,弱小,50
178,多賀城南高等学校,高校,宮城県多賀城,宮城県,弱小,50
179,岩沼北高等学校,高校,宮城県岩沼,宮城県,弱小,50
180,登米中央高等学校,高校,宮城県登米,宮城県,弱小,50
181,仙台新高等学校,高校,宮城県仙台,宮城県,弱小,50
182,石巻東高等学校,高校,宮城県石巻,宮城県,弱小,50
201,金足農業高校,高校,秋田県秋田市,秋田県,名門,50
202,秋田商業高校,高校,秋田県秋田市,秋田県,名門,50
203,横手第一高等学校,高校,秋田県横手,秋田県,強豪,50
204,大館第二高等学校,高校,秋田県大館,秋田県,強豪,50
205,男鹿第三高等学校,高校,秋田県男鹿,秋田県,強豪,50
206,湯沢第四高等学校,高校,秋田県湯沢,秋田県,強豪,50
207,鹿角東高等学校,高校,秋田県鹿角,秋田県,中堅,50
208,由利本荘西高等学校,高校,秋田県由利本荘,秋田県,中堅,50
209,潟上南高等学校,高校,秋田県潟上,秋田県,中堅,50
210,大仙北高等学校,高校,秋田県大仙,秋田県,中堅,50
211,秋田中央高等学校,高校,秋田県秋田,秋田県,中堅,50
212,能代新高等学校,高校,秋田県能代,秋田県,中堅,50
213,横手総合高等学校,高校,秋田県横手,秋田県,中堅,50
214,大館第一高等学校,高校,秋田県大館,秋田県,弱小,50
215,男鹿第二高等学校,高校,秋田県男鹿,秋田県,弱小,50
216,湯沢商業高等学校,高校,秋田県湯沢,秋田県,弱小,50
217,鹿角工業高等学校,高校,秋田県鹿角,秋田県,弱小,50
218,由利本荘農業高等学校,高校,秋田県由利本荘,秋田県,弱小,50
219,潟上総合高等学校,高校,秋田県潟上,秋田県,弱小,50
220,大仙普通高等学校,高校,秋田県大仙,秋田県,弱小,50
221,秋田商業高等学校,高校,秋田県秋田,秋田県,弱小,50
222,能代工業高等学校,高校,秋田県能代,秋田県,弱小,50
223,横手農業高等学校,高校,秋田県横手,秋田県,弱小,50
224,大館総合高等学校,高校,秋田県大館,秋田県,弱小,50
225,男鹿普通高等学校,高校,秋田県男鹿,秋田県,弱小,50
226,湯沢東高等学校,高校,秋田県湯沢,秋田県,弱小,50
227,鹿角西高等学校,高校,秋田県鹿角,秋田県,弱小,50
228,由利本荘南高等学校,高校,秋田県由利本荘,秋田県,弱小,50
229,潟上北高等学校,高校,秋田県潟上,秋田県,弱小,50
230,大仙中央高等学校,高校,秋田県大仙,秋田県,弱小,50
231,秋田新高等学校,高校,秋田県秋田,秋田県,弱小,50
232,能代東高等学校,高校,秋田県能代,秋田県,弱小,50
251,白本大学山形高校,高校,山形県山形,山形県,名門,50
252,鶴岡南高校,高校,山形県鶴岡市,山形県,名門,50
253,東浜大学山形高校,高校,山形県山形,山形県,強豪,50
254,酒田第二高等学校,高校,山形県酒田,山形県,強豪,50
255,新庄第三高等学校,高校,山形県新庄,山形県,強豪,50
256,寒河江第四高等学校,高校,山形県寒河江,山形県,強豪,50
257,上山市東高等学校,高校,山形県上山市,山形県,中堅,50
258,長井西高等学校,高校,山形県長井,山形県,中堅,50
259,天童南高等学校,高校,山形県天童,山形県,中堅,50
260,東根北高等学校,高校,山形県東根,山形県,中堅,50
261,山形中央高等学校,高校,山形県山形,山形県,中堅,50
262,米沢新高等学校,高校,山形県米沢,山形県,中堅,50
263,鶴岡総合高等学校,高校,山形県鶴岡,山形県,中堅,50
264,酒田第一高等学校,高校,山形県酒田,山形県,弱小,50
265,新庄第二高等学校,高校,山形県新庄,山形県,弱小,50
266,寒河江商業高等学校,高校,山形県寒河江,山形県,弱小,50
267,上山市工業高等学校,高校,山形県上山市,山形県,弱小,50
268,長井農業高等学校,高校,山形県長井,山形県,弱小,50
269,天童総合高等学校,高校,山形県天童,山形県,弱小,50
270,東根普通高等学校,高校,山形県東根,山形県,弱小,50
271,山形商業高等学校,高校,山形県山形,山形県,弱小,50
272,米沢工業高等学校,高校,山形県米沢,山形県,弱小,50
273,鶴岡農業高等学校,高校,山形県鶴岡,山形県,弱小,50
274,酒田総合高等学校,高校,山形県酒田,山形県,弱小,50
275,新庄普通高等学校,高校,山形県新庄,山形県,弱小,50
276,寒河江東高等学校,高校,山形県寒河江,山形県,弱小,50
277,上山市西高等学校,高校,山形県上山市,山形県,弱小,50
278,長井南高等学校,高校,山形県長井,山形県,弱小,50
279,天童北高等学校,高校,山形県天童,山形県,弱小,50
280,東根中央高等学校,高校,山形県東根,山形県,弱小,50
281,山形新高等学校,高校,山形県山形,山形県,弱小,50
282,米沢東高等学校,高校,山形県米沢,山形県,弱小,50
301,聖光高校,高校,福島県伊達市,福島県,名門,50
302,会津北稜高校,高校,福島県会津若山,福島県,名門,50
303,白本大学東北高校,高校,福島県郡山,福島県,強豪,50
304,いわき第二高等学校,高校,福島県いわき,福島県,強豪,50
305,白河第三高等学校,高校,福島県白河,福島県,強豪,50
306,須賀川第四高等学校,高校,福島県須賀川,福島県,強豪,50
307,二本松東高等学校,高校,福島県二本松,福島県,中堅,50
308,田村西高等学校,高校,福島県田村,福島県,中堅,50
309,南相馬南高等学校,高校,福島県南相馬,福島県,中堅,50
310,伊達北高等学校,高校,福島県伊達,福島県,中堅,50
311,福島中央高等学校,高校,福島県福島,福島県,中堅,50
312,会津若松新高等学校,高校,福島県会津若松,福島県,中堅,50
313,郡山総合高等学校,高校,福島県郡山,福島県,中堅,50
314,いわき第一高等学校,高校,福島県いわき,福島県,弱小,50
315,白河第二高等学校,高校,福島県白河,福島県,弱小,50
316,須賀川商業高等学校,高校,福島県須賀川,福島県,弱小,50
317,二本松工業高等学校,高校,福島県二本松,福島県,弱小,50
318,田村農業高等学校,高校,福島県田村,福島県,弱小,50
319,南相馬総合高等学校,高校,福島県南相馬,福島県,弱小,50
320,伊達普通高等学校,高校,福島県伊達,福島県,弱小,50
321,福島商業高等学校,高校,福島県福島,福島県,弱小,50
322,会津若松工業高等学校,高校,福島県会津若松,福島県,弱小,50
323,郡山農業高等学校,高校,福島県郡山,福島県,弱小,50
324,いわき総合高等学校,高校,福島県いわき,福島県,弱小,50
325,白河普通高等学校,高校,福島県白河,福島県,弱小,50
326,須賀川東高等学校,高校,福島県須賀川,福島県,弱小,50
327,二本松西高等学校,高校,福島県二本松,福島県,弱小,50
328,田村南高等学校,高校,福島県田村,福島県,弱小,50
329,南相馬北高等学校,高校,福島県南相馬,福島県,弱小,50
330,伊達中央高等学校,高校,福島県伊達,福島県,弱小,50
331,福島新高等学校,高校,福島県福島,福島県,弱小,50
332,会津若松東高等学校,高校,福島県会津若松,福島県,弱小,50
351,明晰学院日立高校,高校,茨城県日立,茨城県,名門,50
352,土浦白本大学高校,高校,茨城県土浦市,茨城県,名門,50
353,つくば秀栄高校,高校,茨城県つくば市,茨城県,強豪,50
354,古河第二高等学校,高校,茨城県古河,茨城県,強豪,50
355,石岡第三高等学校,高校,茨城県石岡,茨城県,強豪,50
356,結城第四高等学校,高校,茨城県結城,茨城県,強豪,50
357,下妻東高等学校,高校,茨城県下妻,茨城県,中堅,50
358,常総西高等学校,高校,茨城県常総,茨城県,中堅,50
359,常陸太田南高等学校,高校,茨城県常陸太田,茨城県,中堅,50
360,高萩北高等学校,高校,茨城県高萩,茨城県,中堅,50
361,水戸中央高等学校,高校,茨城県水戸,茨城県,中堅,50
362,日立新高等学校,高校,茨城県日立,茨城県,中堅,50
363,土浦総合高等学校,高校,茨城県土浦,茨城県,中堅,50
364,古河第一高等学校,高校,茨城県古河,茨城県,弱小,50
365,石岡第二高等学校,高校,茨城県石岡,茨城県,弱小,50
366,結城商業高等学校,高校,茨城県結城,茨城県,弱小,50
367,下妻工業高等学校,高校,茨城県下妻,茨城県,弱小,50
368,常総農業高等学校,高校,茨城県常総,茨城県,弱小,50
369,常陸太田総合高等学校,高校,茨城県常陸太田,茨城県,弱小,50
370,高萩普通高等学校,高校,茨城県高萩,茨城県,弱小,50
371,水戸商業高等学校,高校,茨城県水戸,茨城県,弱小,50
372,日立工業高等学校,高校,茨城県日立,茨城県,弱小,50
373,土浦農業高等学校,高校,茨城県土浦,茨城県,弱小,50
374,古河総合高等学校,高校,茨城県古河,茨城県,弱小,50
375,石岡普通高等学校,高校,茨城県石岡,茨城県,弱小,50
376,結城東高等学校,高校,茨城県結城,茨城県,弱小,50
377,下妻西高等学校,高校,茨城県下妻,茨城県,弱小,50
378,常総南高等学校,高校,茨城県常総,茨城県,弱小,50
379,常陸太田北高等学校,高校,茨城県常陸太田,茨城県,弱小,50
380,高萩中央高等学校,高校,茨城県高萩,茨城県,弱小,50
381,水戸新高等学校,高校,茨城県水戸,茨城県,弱小,50
382,日立東高等学校,高校,茨城県日立,茨城県,弱小,50
401,作申学園高校,高校,栃木県宇都宮,栃木県,名門,50
402,黒学院大学栃木高校,高校,栃木県栃木,栃木県,名門,50
403,栃木第一高等学校,高校,栃木県栃木,栃木県,強豪,50
404,佐野第二高等学校,高校,栃木県佐野,栃木県,強豪,50
405,鹿沼第三高等学校,高校,栃木県鹿沼,栃木県,強豪,50
406,日光第四高等学校,高校,栃木県日光,栃木県,強豪,50
407,小山市東高等学校,高校,栃木県小山市,栃木県,中堅,50
408,真岡西高等学校,高校,栃木県真岡,栃木県,中堅,50
409,大田原南高等学校,高校,栃木県大田原,栃木県,中堅,50
410,矢板北高等学校,高校,栃木県矢板,栃木県,中堅,50
411,宇都宮中央高等学校,高校,栃木県宇都宮,栃木県,中堅,50
412,足利新高等学校,高校,栃木県足利,栃木県,中堅,50
413,栃木総合高等学校,高校,栃木県栃木,栃木県,中堅,50
414,佐野第一高等学校,高校,栃木県佐野,栃木県,弱小,50
415,鹿沼第二高等学校,高校,栃木県鹿沼,栃木県,弱小,50
416,日光商業高等学校,高校,栃木県日光,栃木県,弱小,50
417,小山市工業高等学校,高校,栃木県小山市,栃木県,弱小,50
418,真岡農業高等学校,高校,栃木県真岡,栃木県,弱小,50
419,大田原総合高等学校,高校,栃木県大田原,栃木県,弱小,50
420,矢板普通高等学校,高校,栃木県矢板,栃木県,弱小,50
421,宇都宮商業高等学校,高校,栃木県宇都宮,栃木県,弱小,50
422,足利工業高等学校,高校,栃木県足利,栃木県,弱小,50
423,栃木農業高等学校,高校,栃木県栃木,栃木県,弱小,50
424,佐野総合高等学校,高校,栃木県佐野,栃木県,弱小,50
425,鹿沼普通高等学校,高校,栃木県鹿沼,栃木県,弱小,50
426,日光東高等学校,高校,栃木県日光,栃木県,弱小,50
427,小山市西高等学校,高校,栃木県小山市,栃木県,弱小,50
428,真岡南高等学校,高校,栃木県真岡,栃木県,弱小,50
429,大田原北高等学校,高校,栃木県大田原,栃木県,弱小,50
430,矢板中央高等学校,高校,栃木県矢板,栃木県,弱小,50
431,宇都宮新高等学校,高校,栃木県宇都宮,栃木県,弱小,50
432,足利東高等学校,高校,栃木県足利,栃木県,弱小,50
451,剣代高崎高校,高校,群馬県高崎市,群馬県,名門,50
452,前橋北栄高校,高校,群馬県前橋市,群馬県,名門,50
453,桐生第二高校,高校,群馬県桐生市,群馬県,強豪,50
454,前橋商業高校,高校,群馬県前橋市,群馬県,強豪,50
455,太田第三高等学校,高校,群馬県太田,群馬県,強豪,50
456,沼田第四高等学校,高校,群馬県沼田,群馬県,強豪,50
457,館林東高等学校,高校,群馬県館林,群馬県,中堅,50
458,渋川西高等学校,高校,群馬県渋川,群馬県,中堅,50
459,藤岡南高等学校,高校,群馬県藤岡,群馬県,中堅,50
460,富岡北高等学校,高校,群馬県富岡,群馬県,中堅,50
461,前橋中央高等学校,高校,群馬県前橋,群馬県,中堅,50
462,高崎新高等学校,高校,群馬県高崎,群馬県,中堅,50
463,桐生総合高等学校,高校,群馬県桐生,群馬県,中堅,50
464,伊勢崎第一高等学校,高校,群馬県伊勢崎,群馬県,弱小,50
465,太田第二高等学校,高校,群馬県太田,群馬県,弱小,50
466,沼田商業高等学校,高校,群馬県沼田,群馬県,弱小,50
467,館林工業高等学校,高校,群馬県館林,群馬県,弱小,50
468,渋川農業高等学校,高校,群馬県渋川,群馬県,弱小,50
469,藤岡総合高等学校,高校,群馬県藤岡,群馬県,弱小,50
470,富岡普通高等学校,高校,群馬県富岡,群馬県,弱小,50
471,前橋商業高等学校,高校,群馬県前橋,群馬県,弱小,50
472,高崎工業高等学校,高校,群馬県高崎,群馬県,弱小,50
473,桐生農業高等学校,高校,群馬県桐生,群馬県,弱小,50
474,伊勢崎総合高等学校,高校,群馬県伊勢崎,群馬県,弱小,50
475,太田普通高等学校,高校,群馬県太田,群馬県,弱小,50
476,沼田東高等学校,高校,群馬県沼田,群馬県,弱小,50
477,館林西高等学校,高校,群馬県館林,群馬県,弱小,50
478,渋川南高等学校,高校,群馬県渋川,群馬県,弱小,50
479,藤岡北高等学校,高校,群馬県藤岡,群馬県,弱小,50
480,富岡中央高等学校,高校,群馬県富岡,群馬県,弱小,50
481,前橋新高等学校,高校,群馬県前橋,群馬県,弱小,50
482,高崎東高等学校,高校,群馬県高崎,群馬県,弱小,50
501,花咲栄学園,高校,埼玉県加須市,埼玉県,名門,50
502,浦和学園,高校,埼玉県浦和,埼玉県,名門,50
503,浦和実業高校,高校,埼玉県浦和,埼玉県,強豪,50
504,春日部協栄学院,高校,埼玉県春日部,埼玉県,強豪,50
505,正平高校,高校,埼玉県杉戸,埼玉県,強豪,50
506,春日部第四高等学校,高校,埼玉県春日部,埼玉県,強豪,50
507,上尾東高等学校,高校,埼玉県上尾,埼玉県,中堅,50
508,新座西高等学校,高校,埼玉県新座,埼玉県,中堅,50
509,久喜南高等学校,高校,埼玉県久喜,埼玉県,中堅,50
510,北本市北高等学校,高校,埼玉県北本市,埼玉県,中堅,50
511,さいたま中央高等学校,高校,埼玉県さいたま,埼玉県,中堅,50
512,川越新高等学校,高校,埼玉県川越,埼玉県,中堅,50
513,所沢総合高等学校,高校,埼玉県所沢,埼玉県,中堅,50
514,越谷第一高等学校,高校,埼玉県越谷,埼玉県,弱小,50
515,草加第二高等学校,高校,埼玉県草加,埼玉県,弱小,50
516,春日部商業高等学校,高校,埼玉県春日部,埼玉県,弱小,50
517,上尾工業高等学校,高校,埼玉県上尾,埼玉県,弱小,50
518,新座農業高等学校,高校,埼玉県新座,埼玉県,弱小,50
519,久喜総合高等学校,高校,埼玉県久喜,埼玉県,弱小,50
520,北本市普通高等学校,高校,埼玉県北本市,埼玉県,弱小,50
521,さいたま商業高等学校,高校,埼玉県さいたま,埼玉県,弱小,50
522,川越工業高等学校,高校,埼玉県川越,埼玉県,弱小,50
523,所沢農業高等学校,高校,埼玉県所沢,埼玉県,弱小,50
524,越谷総合高等学校,高校,埼玉県越谷,埼玉県,弱小,50
525,草加普通高等学校,高校,埼玉県草加,埼玉県,弱小,50
526,春日部東高等学校,高校,埼玉県春日部,埼玉県,弱小,50
527,上尾西高等学校,高校,埼玉県上尾,埼玉県,弱小,50
528,新座南高等学校,高校,埼玉県新座,埼玉県,弱小,50
529,久喜北高等学校,高校,埼玉県久喜,埼玉県,弱小,50
530,北本市中央高等学校,高校,埼玉県北本市,埼玉県,弱小,50
531,さいたま新高等学校,高校,埼玉県さいたま,埼玉県,弱小,50
532,川越東高等学校,高校,埼玉県川越,埼玉県,弱小,50
551,市立船橋高校,高校,千葉県船橋,千葉県,名門,50
552,木更津高校,高校,千葉県木更津,千葉県,名門,50
553,習志野高校,高校,千葉県習志野,千葉県,強豪,50
554,八千代高校,高校,千葉県八千代市,千葉県,強豪,50
555,専洲大学松戸高校,高校,千葉県松戸,千葉県,強豪,50
556,佐倉第四高等学校,高校,千葉県佐倉,千葉県,強豪,50
557,成田東高等学校,高校,千葉県成田,千葉県,中堅,50
558,習志野西高等学校,高校,千葉県習志野,千葉県,中堅,50
559,八千代南高等学校,高校,千葉県八千代,千葉県,中堅,50
560,流山北高等学校,高校,千葉県流山,千葉県,中堅,50
561,千葉中央高等学校,高校,千葉県千葉,千葉県,中堅,50
562,船橋新高等学校,高校,千葉県船橋,千葉県,中堅,50
563,柏総合高等学校,高校,千葉県柏,千葉県,中堅,50
564,市川第一高等学校,高校,千葉県市川,千葉県,弱小,50
565,松戸第二高等学校,高校,千葉県松戸,千葉県,弱小,50
566,佐倉商業高等学校,高校,千葉県佐倉,千葉県,弱小,50
567,成田工業高等学校,高校,千葉県成田,千葉県,弱小,50
568,習志野農業高等学校,高校,千葉県習志野,千葉県,弱小,50
569,八千代総合高等学校,高校,千葉県八千代,千葉県,弱小,50
570,流山普通高等学校,高校,千葉県流山,千葉県,弱小,50
571,千葉商業高等学校,高校,千葉県千葉,千葉県,弱小,50
572,船橋工業高等学校,高校,千葉県船橋,千葉県,弱小,50
573,柏農業高等学校,高校,千葉県柏,千葉県,弱小,50
574,市川総合高等学校,高校,千葉県市川,千葉県,弱小,50
575,松戸普通高等学校,高校,千葉県松戸,千葉県,弱小,50
576,佐倉東高等学校,高校,千葉県佐倉,千葉県,弱小,50
577,成田西高等学校,高校,千葉県成田,千葉県,弱小,50
578,習志野南高等学校,高校,千葉県習志野,千葉県,弱小,50
579,八千代北高等学校,高校,千葉県八千代,千葉県,弱小,50
580,流山中央高等学校,高校,千葉県流山,千葉県,弱小,50
581,千葉新高等学校,高校,千葉県千葉,千葉県,弱小,50
582,船橋東高等学校,高校,千葉県船橋,千葉県,弱小,50
601,関東圏第一高校,高校,東京都江戸川区,東京都,名門,50
602,白大第三高校,高校,東京都町田,東京都,名門,50
603,帝教高校,高校,東京都板橋区,東京都,強豪,50
604,東浜大学菅生高校,高校,東京都あきる野市,東京都,強豪,50
605,早稲大学付属高校,高校,東京都国分寺,東京都,強豪,50
606,国土館高校,高校,東京都世田谷,東京都,強豪,50
607,台東東高等学校,高校,東京都台東,東京都,中堅,50
608,墨田西高等学校,高校,東京都墨田,東京都,中堅,50
609,江東南高等学校,高校,東京都江東,東京都,中堅,50
610,品川北高等学校,高校,東京都品川,東京都,中堅,50
611,新宿中央高等学校,高校,東京都新宿,東京都,中堅,50
612,渋谷新高等学校,高校,東京都渋谷,東京都,中堅,50
613,港総合高等学校,高校,東京都港,東京都,中堅,50
614,千代田第一高等学校,高校,東京都千代田,東京都,弱小,50
615,中央第二高等学校,高校,東京都中央,東京都,弱小,50
616,文京商業高等学校,高校,東京都文京,東京都,弱小,50
617,台東工業高等学校,高校,東京都台東,東京都,弱小,50
618,墨田農業高等学校,高校,東京都墨田,東京都,弱小,50
619,江東総合高等学校,高校,東京都江東,東京都,弱小,50
620,品川普通高等学校,高校,東京都品川,東京都,弱小,50
621,新宿商業高等学校,高校,東京都新宿,東京都,弱小,50
622,渋谷工業高等学校,高校,東京都渋谷,東京都,弱小,50
623,港農業高等学校,高校,東京都港,東京都,弱小,50
624,千代田総合高等学校,高校,東京都千代田,東京都,弱小,50
625,中央普通高等学校,高校,東京都中央,東京都,弱小,50
626,文京東高等学校,高校,東京都文京,東京都,弱小,50
627,台東西高等学校,高校,東京都台東,東京都,弱小,50
628,墨田南高等学校,高校,東京都墨田,東京都,弱小,50
629,江東北高等学校,高校,東京都江東,東京都,弱小,50
630,品川中央高等学校,高校,東京都品川,東京都,弱小,50
631,新宿新高等学校,高校,東京都新宿,東京都,弱小,50
632,渋谷東高等学校,高校,東京都渋谷,東京都,弱小,50
651,横浜学園高校,高校,神奈川県横浜,神奈川県,名門,50
652,東浜大相模高校,高校,神奈川県相模原,神奈川県,名門,50
653,慶王高校,高校,神奈川県横浜,神奈川県,強豪,50
654,白本大学藤沢高校,高校,神奈川県藤沢,神奈川県,強豪,50
655,桐光高校,高校,神奈川県川崎,神奈川県,強豪,50
656,桐蔭高校,高校,神奈川県横浜,神奈川県,強豪,50
657,厚木東高等学校,高校,神奈川県厚木,神奈川県,中堅,50
658,大和西高等学校,高校,神奈川県大和,神奈川県,中堅,50
659,海老名南高等学校,高校,神奈川県海老名,神奈川県,中堅,50
660,座間北高等学校,高校,神奈川県座間,神奈川県,中堅,50
661,横浜中央高等学校,高校,神奈川県横浜,神奈川県,中堅,50
662,川崎新高等学校,高校,神奈川県川崎,神奈川県,中堅,50
663,相模原総合高等学校,高校,神奈川県相模原,神奈川県,中堅,50
664,藤沢第一高等学校,高校,神奈川県藤沢,神奈川県,弱小,50
665,横須賀第二高等学校,高校,神奈川県横須賀,神奈川県,弱小,50
666,茅ヶ崎商業高等学校,高校,神奈川県茅ヶ崎,神奈川県,弱小,50
667,厚木工業高等学校,高校,神奈川県厚木,神奈川県,弱小,50
668,大和農業高等学校,高校,神奈川県大和,神奈川県,弱小,50
669,海老名総合高等学校,高校,神奈川県海老名,神奈川県,弱小,50
670,座間普通高等学校,高校,神奈川県座間,神奈川県,弱小,50
671,横浜商業高等学校,高校,神奈川県横浜,神奈川県,弱小,50
672,川崎工業高等学校,高校,神奈川県川崎,神奈川県,弱小,50
673,相模原農業高等学校,高校,神奈川県相模原,神奈川県,弱小,50
674,藤沢総合高等学校,高校,神奈川県藤沢,神奈川県,弱小,50
675,横須賀普通高等学校,高校,神奈川県横須賀,神奈川県,弱小,50
676,茅ヶ崎東高等学校,高校,神奈川県茅ヶ崎,神奈川県,弱小,50
677,厚木西高等学校,高校,神奈川県厚木,神奈川県,弱小,50
678,大和南高等学校,高校,神奈川県大和,神奈川県,弱小,50
679,海老名北高等学校,高校,神奈川県海老名,神奈川県,弱小,50
680,座間中央高等学校,高校,神奈川県座間,神奈川県,弱小,50
681,横浜新高等学校,高校,神奈川県横浜,神奈川県,弱小,50
682,川崎東高等学校,高校,神奈川県川崎,神奈川県,弱小,50
701,帝教長岡高校,高校,新潟県長岡,新潟県,名門,50
702,日本文系高校,高校,新潟県新潟,新潟県,名門,50
703,三条第一高等学校,高校,新潟県三条,新潟県,強豪,50
704,柏崎第二高等学校,高校,新潟県柏崎,新潟県,強豪,50
705,新発田第三高等学校,高校,新潟県新発田,新潟県,強豪,50
706,小千谷第四高等学校,高校,新潟県小千谷,新潟県,強豪,50
707,加茂東高等学校,高校,新潟県加茂,新潟県,中堅,50
708,十日町西高等学校,高校,新潟県十日町,新潟県,中堅,50
709,見附南高等学校,高校,新潟県見附,新潟県,中堅,50
710,燕北高等学校,高校,新潟県燕,新潟県,中堅,50
711,新潟中央高等学校,高校,新潟県新潟,新潟県,中堅,50
712,長岡新高等学校,高校,新潟県長岡,新潟県,中堅,50
713,三条総合高等学校,高校,新潟県三条,新潟県,中堅,50
714,柏崎第一高等学校,高校,新潟県柏崎,新潟県,弱小,50
715,新発田第二高等学校,高校,新潟県新発田,新潟県,弱小,50
716,小千谷商業高等学校,高校,新潟県小千谷,新潟県,弱小,50
717,加茂工業高等学校,高校,新潟県加茂,新潟県,弱小,50
718,十日町農業高等学校,高校,新潟県十日町,新潟県,弱小,50
719,見附総合高等学校,高校,新潟県見附,新潟県,弱小,50
720,燕普通高等学校,高校,新潟県燕,新潟県,弱小,50
721,新潟商業高等学校,高校,新潟県新潟,新潟県,弱小,50
722,長岡工業高等学校,高校,新潟県長岡,新潟県,弱小,50
723,三条農業高等学校,高校,新潟県三条,新潟県,弱小,50
724,柏崎総合高等学校,高校,新潟県柏崎,新潟県,弱小,50
725,新発田普通高等学校,高校,新潟県新発田,新潟県,弱小,50
726,小千谷東高等学校,高校,新潟県小千谷,新潟県,弱小,50
727,加茂西高等学校,高校,新潟県加茂,新潟県,弱小,50
728,十日町南高等学校,高校,新潟県十日町,新潟県,弱小,50
729,見附北高等学校,高校,新潟県見附,新潟県,弱小,50
730,燕中央高等学校,高校,新潟県燕,新潟県,弱小,50
731,新潟新高等学校,高校,新潟県新潟,新潟県,弱小,50
732,長岡東高等学校,高校,新潟県長岡,新潟県,弱小,50
751,富山商業,高校,富山県富山,富山県,名門,50
752,高岡商業高校,高校,富山県富山,富山県,名門,50
753,魚津第一高等学校,高校,富山県魚津,富山県,強豪,50
754,氷見第二高等学校,高校,富山県氷見,富山県,強豪,50
755,滑川第三高等学校,高校,富山県滑川,富山県,強豪,50
756,黒部第四高等学校,高校,富山県黒部,富山県,強豪,50
757,砺波東高等学校,高校,富山県砺波,富山県,中堅,50
758,小矢部西高等学校,高校,富山県小矢部,富山県,中堅,50
759,南砺南高等学校,高校,富山県南砺,富山県,中堅,50
760,射水北高等学校,高校,富山県射水,富山県,中堅,50
761,富山中央高等学校,高校,富山県富山,富山県,中堅,50
762,高岡新高等学校,高校,富山県高岡,富山県,中堅,50
763,魚津総合高等学校,高校,富山県魚津,富山県,中堅,50
764,氷見第一高等学校,高校,富山県氷見,富山県,弱小,50
765,滑川第二高等学校,高校,富山県滑川,富山県,弱小,50
766,黒部商業高等学校,高校,富山県黒部,富山県,弱小,50
767,砺波工業高等学校,高校,富山県砺波,富山県,弱小,50
768,小矢部農業高等学校,高校,富山県小矢部,富山県,弱小,50
769,南砺総合高等学校,高校,富山県南砺,富山県,弱小,50
770,射水普通高等学校,高校,富山県射水,富山県,弱小,50
771,富山商業高等学校,高校,富山県富山,富山県,弱小,50
772,高岡工業高等学校,高校,富山県高岡,富山県,弱小,50
773,魚津農業高等学校,高校,富山県魚津,富山県,弱小,50
774,氷見総合高等学校,高校,富山県氷見,富山県,弱小,50
775,滑川普通高等学校,高校,富山県滑川,富山県,弱小,50
776,黒部東高等学校,高校,富山県黒部,富山県,弱小,50
777,砺波西高等学校,高校,富山県砺波,富山県,弱小,50
778,小矢部南高等学校,高校,富山県小矢部,富山県,弱小,50
779,南砺北高等学校,高校,富山県南砺,富山県,弱小,50
780,射水中央高等学校,高校,富山県射水,富山県,弱小,50
781,富山新高等学校,高校,富山県富山,富山県,弱小,50
782,高岡東高等学校,高校,富山県高岡,富山県,弱小,50
801,小松大山高校,高校,石川県小松市,石川県,名門,50
802,清涼高校,高校,石川県金沢市,石川県,名門,50
803,日本航行学院石川,高校,石川県輪島市,石川県,強豪,50
804,輪島第二高等学校,高校,石川県輪島,石川県,強豪,50
805,珠洲第三高等学校,高校,石川県珠洲,石川県,強豪,50
806,加賀第四高等学校,高校,石川県加賀,石川県,強豪,50
807,羽咋東高等学校,高校,石川県羽咋,石川県,中堅,50
808,かほく西高等学校,高校,石川県かほく,石川県,中堅,50
809,白山市南高等学校,高校,石川県白山市,石川県,中堅,50
810,能美北高等学校,高校,石川県能美,石川県,中堅,50
811,金沢中央高等学校,高校,石川県金沢,石川県,中堅,50
812,七尾新高等学校,高校,石川県七尾,石川県,中堅,50
813,小松総合高等学校,高校,石川県小松,石川県,中堅,50
814,輪島第一高等学校,高校,石川県輪島,石川県,弱小,50
815,珠洲第二高等学校,高校,石川県珠洲,石川県,弱小,50
816,加賀商業高等学校,高校,石川県加賀,石川県,弱小,50
817,羽咋工業高等学校,高校,石川県羽咋,石川県,弱小,50
818,かほく農業高等学校,高校,石川県かほく,石川県,弱小,50
819,白山市総合高等学校,高校,石川県白山市,石川県,弱小,50
820,能美普通高等学校,高校,石川県能美,石川県,弱小,50
821,金沢商業高等学校,高校,石川県金沢,石川県,弱小,50
822,七尾工業高等学校,高校,石川県七尾,石川県,弱小,50
823,小松農業高等学校,高校,石川県小松,石川県,弱小,50
824,輪島総合高等学校,高校,石川県輪島,石川県,弱小,50
825,珠洲普通高等学校,高校,石川県珠洲,石川県,弱小,50
826,加賀東高等学校,高校,石川県加賀,石川県,弱小,50
827,羽咋西高等学校,高校,石川県羽咋,石川県,弱小,50
828,かほく南高等学校,高校,石川県かほく,石川県,弱小,50
829,白山市北高等学校,高校,石川県白山市,石川県,弱小,50
830,能美中央高等学校,高校,石川県能美,石川県,弱小,50
831,金沢新高等学校,高校,石川県金沢,石川県,弱小,50
832,七尾東高等学校,高校,石川県七尾,石川県,弱小,50
851,敦賀気夷高校,高校,福井県敦賀市,福井県,名門,50
852,福井商業高校,高校,福井県福井市,福井県,名門,50
853,小浜第一高等学校,高校,福井県小浜,福井県,強豪,50
854,大野第二高等学校,高校,福井県大野,福井県,強豪,50
855,勝山第三高等学校,高校,福井県勝山,福井県,強豪,50
856,鯖江第四高等学校,高校,福井県鯖江,福井県,強豪,50
857,あわら東高等学校,高校,福井県あわら,福井県,中堅,50
858,越前西高等学校,高校,福井県越前,福井県,中堅,50
859,坂井南高等学校,高校,福井県坂井,福井県,中堅,50
860,三方上中北高等学校,高校,福井県三方上中,福井県,中堅,50
861,福井中央高等学校,高校,福井県福井,福井県,中堅,50
862,敦賀新高等学校,高校,福井県敦賀,福井県,中堅,50
863,小浜総合高等学校,高校,福井県小浜,福井県,中堅,50
864,大野第一高等学校,高校,福井県大野,福井県,弱小,50
865,勝山第二高等学校,高校,福井県勝山,福井県,弱小,50
866,鯖江商業高等学校,高校,福井県鯖江,福井県,弱小,50
867,あわら工業高等学校,高校,福井県あわら,福井県,弱小,50
868,越前農業高等学校,高校,福井県越前,福井県,弱小,50
869,坂井総合高等学校,高校,福井県坂井,福井県,弱小,50
870,三方上中普通高等学校,高校,福井県三方上中,福井県,弱小,50
871,福井商業高等学校,高校,福井県福井,福井県,弱小,50
872,敦賀工業高等学校,高校,福井県敦賀,福井県,弱小,50
873,小浜農業高等学校,高校,福井県小浜,福井県,弱小,50
874,大野総合高等学校,高校,福井県大野,福井県,弱小,50
875,勝山普通高等学校,高校,福井県勝山,福井県,弱小,50
876,鯖江東高等学校,高校,福井県鯖江,福井県,弱小,50
877,あわら西高等学校,高校,福井県あわら,福井県,弱小,50
878,越前南高等学校,高校,福井県越前,福井県,弱小,50
879,坂井北高等学校,高校,福井県坂井,福井県,弱小,50
880,三方上中中央高等学校,高校,福井県三方上中,福井県,弱小,50
881,福井新高等学校,高校,福井県福井,福井県,弱小,50
882,敦賀東高等学校,高校,福井県敦賀,福井県,弱小,50
901,山梨学園学院,高校,山梨県甲府,山梨県,名門,50
902,日本航行学院,高校,山梨県開始,山梨県,名門,50
903,東浜大付属甲府高校,高校,山梨県甲府,山梨県,強豪,50
904,白大明星高校,高校,山梨県上野原市,山梨県,強豪,50
905,大月第三高等学校,高校,山梨県大月,山梨県,強豪,50
906,韮崎第四高等学校,高校,山梨県韮崎,山梨県,強豪,50
907,南アルプス東高等学校,高校,山梨県南アルプス,山梨県,中堅,50
908,北杜西高等学校,高校,山梨県北杜,山梨県,中堅,50
909,甲斐南高等学校,高校,山梨県甲斐,山梨県,中堅,50
910,笛吹北高等学校,高校,山梨県笛吹,山梨県,中堅,50
911,甲府中央高等学校,高校,山梨県甲府,山梨県,中堅,50
912,富士吉田新高等学校,高校,山梨県富士吉田,山梨県,中堅,50
913,都留総合高等学校,高校,山梨県都留,山梨県,中堅,50
914,山梨第一高等学校,高校,山梨県山梨,山梨県,弱小,50
915,大月第二高等学校,高校,山梨県大月,山梨県,弱小,50
916,韮崎商業高等学校,高校,山梨県韮崎,山梨県,弱小,50
917,南アルプス工業高等学校,高校,山梨県南アルプス,山梨県,弱小,50
918,北杜農業高等学校,高校,山梨県北杜,山梨県,弱小,50
919,甲斐総合高等学校,高校,山梨県甲斐,山梨県,弱小,50
920,笛吹普通高等学校,高校,山梨県笛吹,山梨県,弱小,50
921,甲府商業高等学校,高校,山梨県甲府,山梨県,弱小,50
922,富士吉田工業高等学校,高校,山梨県富士吉田,山梨県,弱小,50
923,都留農業高等学校,高校,山梨県都留,山梨県,弱小,50
924,山梨総合高等学校,高校,山梨県山梨,山梨県,弱小,50
925,大月普通高等学校,高校,山梨県大月,山梨県,弱小,50
926,韮崎東高等学校,高校,山梨県韮崎,山梨県,弱小,50
927,南アルプス西高等学校,高校,山梨県南アルプス,山梨県,弱小,50
928,北杜南高等学校,高校,山梨県北杜,山梨県,弱小,50
929,甲斐北高等学校,高校,山梨県甲斐,山梨県,弱小,50
930,笛吹中央高等学校,高校,山梨県笛吹,山梨県,弱小,50
931,甲府新高等学校,高校,山梨県甲府,山梨県,弱小,50
932,富士吉田東高等学校,高校,山梨県富士吉田,山梨県,弱小,50
951,松商業学園,高校,長野県松本市,長野県,名門,50
952,佐久長正学院,高校,長野県佐久市,長野県,名門,50
953,上田第一高等学校,高校,長野県上田,長野県,強豪,50
954,岡谷第二高等学校,高校,長野県岡谷,長野県,強豪,50
955,飯田第三高等学校,高校,長野県飯田,長野県,強豪,50
956,諏訪第四高等学校,高校,長野県諏訪,長野県,強豪,50
957,小諸東高等学校,高校,長野県小諸,長野県,中堅,50
958,茅野西高等学校,高校,長野県茅野,長野県,中堅,50
959,佐久南高等学校,高校,長野県佐久,長野県,中堅,50
960,伊那北高等学校,高校,長野県伊那,長野県,中堅,50
961,長野中央高等学校,高校,長野県長野,長野県,中堅,50
962,松本新高等学校,高校,長野県松本,長野県,中堅,50
963,上田総合高等学校,高校,長野県上田,長野県,中堅,50
964,岡谷第一高等学校,高校,長野県岡谷,長野県,弱小,50
965,飯田第二高等学校,高校,長野県飯田,長野県,弱小,50
966,諏訪商業高等学校,高校,長野県諏訪,長野県,弱小,50
967,小諸工業高等学校,高校,長野県小諸,長野県,弱小,50
968,茅野農業高等学校,高校,長野県茅野,長野県,弱小,50
969,佐久総合高等学校,高校,長野県佐久,長野県,弱小,50
970,伊那普通高等学校,高校,長野県伊那,長野県,弱小,50
971,長野商業高等学校,高校,長野県長野,長野県,弱小,50
972,松本工業高等学校,高校,長野県松本,長野県,弱小,50
973,上田農業高等学校,高校,長野県上田,長野県,弱小,50
974,岡谷総合高等学校,高校,長野県岡谷,長野県,弱小,50
975,飯田普通高等学校,高校,長野県飯田,長野県,弱小,50
976,諏訪東高等学校,高校,長野県諏訪,長野県,弱小,50
977,小諸西高等学校,高校,長野県小諸,長野県,弱小,50
978,茅野南高等学校,高校,長野県茅野,長野県,弱小,50
979,佐久北高等学校,高校,長野県佐久,長野県,弱小,50
980,伊那中央高等学校,高校,長野県伊那,長野県,弱小,50
981,長野新高等学校,高校,長野県長野,長野県,弱小,50
982,松本東高等学校,高校,長野県松本,長野県,弱小,50
1001,岐阜商業高校,高校,岐阜県岐阜市,岐阜県,名門,50
1002,帝教可児高校,高校,岐阜県可児市,岐阜県,名門,50
1003,仲京高校,高校,岐阜県瑞浪市,岐阜県,強豪,50
1004,大垣白大高校,高校,岐阜県大垣,岐阜県,強豪,50
1005,関第三高等学校,高校,岐阜県関,岐阜県,強豪,50
1006,中津川第四高等学校,高校,岐阜県中津川,岐阜県,強豪,50
1007,美濃東高等学校,高校,岐阜県美濃,岐阜県,中堅,50
1008,可児西高等学校,高校,岐阜県可児,岐阜県,中堅,50
1009,各務原南高等学校,高校,岐阜県各務原,岐阜県,中堅,50
1010,山県北高等学校,高校,岐阜県山県,岐阜県,中堅,50
1011,岐阜中央高等学校,高校,岐阜県岐阜,岐阜県,中堅,50
1012,大垣新高等学校,高校,岐阜県大垣,岐阜県,中堅,50
1013,高山市総合高等学校,高校,岐阜県高山市,岐阜県,中堅,50
1014,多治見第一高等学校,高校,岐阜県多治見,岐阜県,弱小,50
1015,関第二高等学校,高校,岐阜県関,岐阜県,弱小,50
1016,中津川商業高等学校,高校,岐阜県中津川,岐阜県,弱小,50
1017,美濃工業高等学校,高校,岐阜県美濃,岐阜県,弱小,50
1018,可児農業高等学校,高校,岐阜県可児,岐阜県,弱小,50
1019,各務原総合高等学校,高校,岐阜県各務原,岐阜県,弱小,50
1020,山県普通高等学校,高校,岐阜県山県,岐阜県,弱小,50
1021,岐阜商業高等学校,高校,岐阜県岐阜,岐阜県,弱小,50
1022,大垣工業高等学校,高校,岐阜県大垣,岐阜県,弱小,50
1023,高山市農業高等学校,高校,岐阜県高山市,岐阜県,弱小,50
1024,多治見総合高等学校,高校,岐阜県多治見,岐阜県,弱小,50
1025,関普通高等学校,高校,岐阜県関,岐阜県,弱小,50
1026,中津川東高等学校,高校,岐阜県中津川,岐阜県,弱小,50
1027,美濃西高等学校,高校,岐阜県美濃,岐阜県,弱小,50
1028,可児南高等学校,高校,岐阜県可児,岐阜県,弱小,50
1029,各務原北高等学校,高校,岐阜県各務原,岐阜県,弱小,50
1030,山県中央高等学校,高校,岐阜県山県,岐阜県,弱小,50
1031,岐阜新高等学校,高校,岐阜県岐阜,岐阜県,弱小,50
1032,大垣東高等学校,高校,岐阜県大垣,岐阜県,弱小,50
1051,掛川西高校,高校,静岡県掛川市,静岡県,名門,50
1052,白大三島高校,高校,静岡県三島市,静岡県,名門,50
1053,藤枝明星高校,高校,静岡県藤枝市,静岡県,強豪,50
1054,富士第二高等学校,高校,静岡県富士,静岡県,強豪,50
1055,磐田第三高等学校,高校,静岡県磐田,静岡県,強豪,50
1056,焼津第四高等学校,高校,静岡県焼津,静岡県,強豪,50
1057,藤枝東高等学校,高校,静岡県藤枝,静岡県,中堅,50
1058,島田西高等学校,高校,静岡県島田,静岡県,中堅,50
1059,掛川南高等学校,高校,静岡県掛川,静岡県,中堅,50
1060,袋井北高等学校,高校,静岡県袋井,静岡県,中堅,50
1061,静岡中央高等学校,高校,静岡県静岡,静岡県,中堅,50
1062,浜松新高等学校,高校,静岡県浜松,静岡県,中堅,50
1063,沼津総合高等学校,高校,静岡県沼津,静岡県,中堅,50
1064,富士第一高等学校,高校,静岡県富士,静岡県,弱小,50
1065,磐田第二高等学校,高校,静岡県磐田,静岡県,弱小,50
1066,焼津商業高等学校,高校,静岡県焼津,静岡県,弱小,50
1067,藤枝工業高等学校,高校,静岡県藤枝,静岡県,弱小,50
1068,島田農業高等学校,高校,静岡県島田,静岡県,弱小,50
1069,掛川総合高等学校,高校,静岡県掛川,静岡県,弱小,50
1070,袋井普通高等学校,高校,静岡県袋井,静岡県,弱小,50
1071,静岡商業高等学校,高校,静岡県静岡,静岡県,弱小,50
1072,浜松工業高等学校,高校,静岡県浜松,静岡県,弱小,50
1073,沼津農業高等学校,高校,静岡県沼津,静岡県,弱小,50
1074,富士総合高等学校,高校,静岡県富士,静岡県,弱小,50
1075,磐田普通高等学校,高校,静岡県磐田,静岡県,弱小,50
1076,焼津東高等学校,高校,静岡県焼津,静岡県,弱小,50
1077,藤枝西高等学校,高校,静岡県藤枝,静岡県,弱小,50
1078,島田南高等学校,高校,静岡県島田,静岡県,弱小,50
1079,掛川北高等学校,高校,静岡県掛川,静岡県,弱小,50
1080,袋井中央高等学校,高校,静岡県袋井,静岡県,弱小,50
1081,静岡新高等学校,高校,静岡県静岡,静岡県,弱小,50
1082,浜松東高等学校,高校,静岡県浜松,静岡県,弱小,50
1101,東峰高校,高校,愛知県名古屋市,愛知県,名門,50
1102,愛光大明電高校,高校,愛知県名古屋市,愛知県,名門,50
1103,中教高校,高校,愛知県名古屋市,愛知県,強豪,50
1104,共栄高校,高校,愛知県名古屋市,愛知県,強豪,50
1105,春日井第三高等学校,高校,愛知県春日井,愛知県,強豪,50
1106,豊橋第四高等学校,高校,愛知県豊橋,愛知県,強豪,50
1107,津島東高等学校,高校,愛知県津島,愛知県,中堅,50
1108,碧南西高等学校,高校,愛知県碧南,愛知県,中堅,50
1109,刈谷南高等学校,高校,愛知県刈谷,愛知県,中堅,50
1110,安城北高等学校,高校,愛知県安城,愛知県,中堅,50
1111,名古屋中央高等学校,高校,愛知県名古屋,愛知県,中堅,50
1112,豊田新高等学校,高校,愛知県豊田,愛知県,中堅,50
1113,岡崎総合高等学校,高校,愛知県岡崎,愛知県,中堅,50
1114,一宮第一高等学校,高校,愛知県一宮,愛知県,弱小,50
1115,春日井第二高等学校,高校,愛知県春日井,愛知県,弱小,50
1116,豊橋商業高等学校,高校,愛知県豊橋,愛知県,弱小,50
1117,津島工業高等学校,高校,愛知県津島,愛知県,弱小,50
1118,碧南農業高等学校,高校,愛知県碧南,愛知県,弱小,50
1119,刈谷総合高等学校,高校,愛知県刈谷,愛知県,弱小,50
1120,安城普通高等学校,高校,愛知県安城,愛知県,弱小,50
1121,名古屋商業高等学校,高校,愛知県名古屋,愛知県,弱小,50
1122,豊田工業高等学校,高校,愛知県豊田,愛知県,弱小,50
1123,岡崎農業高等学校,高校,愛知県岡崎,愛知県,弱小,50
1124,一宮総合高等学校,高校,愛知県一宮,愛知県,弱小,50
1125,春日井普通高等学校,高校,愛知県春日井,愛知県,弱小,50
1126,豊橋東高等学校,高校,愛知県豊橋,愛知県,弱小,50
1127,津島西高等学校,高校,愛知県津島,愛知県,弱小,50
1128,碧南南高等学校,高校,愛知県碧南,愛知県,弱小,50
1129,刈谷北高等学校,高校,愛知県刈谷,愛知県,弱小,50
1130,安城中央高等学校,高校,愛知県安城,愛知県,弱小,50
1131,名古屋新高等学校,高校,愛知県名古屋,愛知県,弱小,50
1132,豊田東高等学校,高校,愛知県豊田,愛知県,弱小,50
1151,津商業高校,高校,三重県津市,三重県,名門,50
1152,宇治山田商業高校,高校,三重県伊勢,三重県,名門,50
1153,いなべ総合高校,高校,三重県いなべ市,三重県,強豪,50
1154,海生高校,高校,三重県四日市市,三重県,強豪,50
1155,鈴鹿第三高等学校,高校,三重県鈴鹿,三重県,強豪,50
1156,名張第四高等学校,高校,三重県名張,三重県,強豪,50
1157,尾鷲東高等学校,高校,三重県尾鷲,三重県,中堅,50
1158,亀山西高等学校,高校,三重県亀山,三重県,中堅,50
1159,鳥羽南高等学校,高校,三重県鳥羽,三重県,中堅,50
1160,熊野北高等学校,高校,三重県熊野,三重県,中堅,50
1161,津中央高等学校,高校,三重県津,三重県,中堅,50
1162,四日市新高等学校,高校,三重県四日市,三重県,中堅,50
1163,松阪総合高等学校,高校,三重県松阪,三重県,中堅,50
1164,桑名第一高等学校,高校,三重県桑名,三重県,弱小,50
1165,鈴鹿第二高等学校,高校,三重県鈴鹿,三重県,弱小,50
1166,名張商業高等学校,高校,三重県名張,三重県,弱小,50
1167,尾鷲工業高等学校,高校,三重県尾鷲,三重県,弱小,50
1168,亀山農業高等学校,高校,三重県亀山,三重県,弱小,50
1169,鳥羽総合高等学校,高校,三重県鳥羽,三重県,弱小,50
1170,熊野普通高等学校,高校,三重県熊野,三重県,弱小,50
1171,津商業高等学校,高校,三重県津,三重県,弱小,50
1172,四日市工業高等学校,高校,三重県四日市,三重県,弱小,50
1173,松阪農業高等学校,高校,三重県松阪,三重県,弱小,50
1174,桑名総合高等学校,高校,三重県桑名,三重県,弱小,50
1175,鈴鹿普通高等学校,高校,三重県鈴鹿,三重県,弱小,50
1176,名張東高等学校,高校,三重県名張,三重県,弱小,50
1177,尾鷲西高等学校,高校,三重県尾鷲,三重県,弱小,50
1178,亀山南高等学校,高校,三重県亀山,三重県,弱小,50
1179,鳥羽北高等学校,高校,三重県鳥羽,三重県,弱小,50
1180,熊野中央高等学校,高校,三重県熊野,三重県,弱小,50
1181,津新高等学校,高校,三重県津,三重県,弱小,50
1182,四日市東高等学校,高校,三重県四日市,三重県,弱小,50
1201,近江学園,高校,滋賀県彦根市,滋賀県,名門,50
1202,八幡商業高校,高校,滋賀県近江八幡市,滋賀県,名門,50
1203,長浜第一高等学校,高校,滋賀県長浜,滋賀県,強豪,50
1204,近江八幡第二高等学校,高校,滋賀県近江八幡,滋賀県,強豪,50
1205,草津第三高等学校,高校,滋賀県草津,滋賀県,強豪,50
1206,守山第四高等学校,高校,滋賀県守山,滋賀県,強豪,50
1207,栗東東高等学校,高校,滋賀県栗東,滋賀県,中堅,50
1208,甲賀西高等学校,高校,滋賀県甲賀,滋賀県,中堅,50
1209,野洲南高等学校,高校,滋賀県野洲,滋賀県,中堅,50
1210,高島北高等学校,高校,滋賀県高島,滋賀県,中堅,50
1211,大津中央高等学校,高校,滋賀県大津,滋賀県,中堅,50
1212,彦根新高等学校,高校,滋賀県彦根,滋賀県,中堅,50
1213,長浜総合高等学校,高校,滋賀県長浜,滋賀県,中堅,50
1214,近江八幡第一高等学校,高校,滋賀県近江八幡,滋賀県,弱小,50
1215,草津第二高等学校,高校,滋賀県草津,滋賀県,弱小,50
1216,守山商業高等学校,高校,滋賀県守山,滋賀県,弱小,50
1217,栗東工業高等学校,高校,滋賀県栗東,滋賀県,弱小,50
1218,甲賀農業高等学校,高校,滋賀県甲賀,滋賀県,弱小,50
1219,野洲総合高等学校,高校,滋賀県野洲,滋賀県,弱小,50
1220,高島普通高等学校,高校,滋賀県高島,滋賀県,弱小,50
1221,大津商業高等学校,高校,滋賀県大津,滋賀県,弱小,50
1222,彦根工業高等学校,高校,滋賀県彦根,滋賀県,弱小,50
1223,長浜農業高等学校,高校,滋賀県長浜,滋賀県,弱小,50
1224,近江八幡総合高等学校,高校,滋賀県近江八幡,滋賀県,弱小,50
1225,草津普通高等学校,高校,滋賀県草津,滋賀県,弱小,50
1226,守山東高等学校,高校,滋賀県守山,滋賀県,弱小,50
1227,栗東西高等学校,高校,滋賀県栗東,滋賀県,弱小,50
1228,甲賀南高等学校,高校,滋賀県甲賀,滋賀県,弱小,50
1229,野洲北高等学校,高校,滋賀県野洲,滋賀県,弱小,50
1230,高島中央高等学校,高校,滋賀県高島,滋賀県,弱小,50
1231,大津新高等学校,高校,滋賀県大津,滋賀県,弱小,50
1232,彦根東高等学校,高校,滋賀県彦根,滋賀県,弱小,50
1251,京都市第一高等学校,高校,京都府京都市,京都府,名門,50
1252,福知山中央高等学校,高校,京都府福知山,京都府,名門,50
1253,舞鶴第1高等学校,高校,京都府舞鶴,京都府,強豪,50
1254,綾部第2高等学校,高校,京都府綾部,京都府,強豪,50
1255,宇治第3高等学校,高校,京都府宇治,京都府,強豪,50
1256,長岡京第4高等学校,高校,京都府長岡京,京都府,強豪,50
1257,八幡東高等学校,高校,京都府八幡,京都府,中堅,50
1258,京田辺西高等学校,高校,京都府京田辺,京都府,中堅,50
1259,京丹後南高等学校,高校,京都府京丹後,京都府,中堅,50
1260,南丹北高等学校,高校,京都府南丹,京都府,中堅,50
1261,京都市中央高等学校,高校,京都府京都市,京都府,中堅,50
1262,福知山新高等学校,高校,京都府福知山,京都府,中堅,50
1263,舞鶴総合高等学校,高校,京都府舞鶴,京都府,中堅,50
1264,綾部第1高等学校,高校,京都府綾部,京都府,弱小,50
1265,宇治第2高等学校,高校,京都府宇治,京都府,弱小,50
1266,長岡京商業高等学校,高校,京都府長岡京,京都府,弱小,50
1267,八幡工業高等学校,高校,京都府八幡,京都府,弱小,50
1268,京田辺農業高等学校,高校,京都府京田辺,京都府,弱小,50
1269,京丹後総合高等学校,高校,京都府京丹後,京都府,弱小,50
1270,南丹普通高等学校,高校,京都府南丹,京都府,弱小,50
1271,京都市商業高等学校,高校,京都府京都市,京都府,弱小,50
1272,福知山工業高等学校,高校,京都府福知山,京都府,弱小,50
1273,舞鶴農業高等学校,高校,京都府舞鶴,京都府,弱小,50
1274,綾部総合高等学校,高校,京都府綾部,京都府,弱小,50
1275,宇治普通高等学校,高校,京都府宇治,京都府,弱小,50
1276,長岡京東高等学校,高校,京都府長岡京,京都府,弱小,50
1277,八幡西高等学校,高校,京都府八幡,京都府,弱小,50
1278,京田辺南高等学校,高校,京都府京田辺,京都府,弱小,50
1279,京丹後北高等学校,高校,京都府京丹後,京都府,弱小,50
1280,南丹中央高等学校,高校,京都府南丹,京都府,弱小,50
1281,京都市新高等学校,高校,京都府京都市,京都府,弱小,50
1282,福知山東高等学校,高校,京都府福知山,京都府,弱小,50
1301,大阪桐光学院高校,高校,大阪府大東市,大阪府,名門,50
1302,履正学園,高校,大阪府豊中市,大阪府,名門,50
1303,上之宮学園,高校,大阪府大阪市,大阪府,強豪,50
1304,東浜大仰星高校,高校,大阪府枚方市,大阪府,強豪,50
1305,大阪商業高校,高校,大阪府東大阪市,大阪府,強豪,50
1306,大阪海生学院高校,高校,大阪府大阪市,大阪府,強豪,50
1307,枚方東高等学校,高校,大阪府枚方,大阪府,中堅,50
1308,寝屋川西高等学校,高校,大阪府寝屋川,大阪府,中堅,50
1309,八尾南高等学校,高校,大阪府八尾,大阪府,中堅,50
1310,岸和田北高等学校,高校,大阪府岸和田,大阪府,中堅,50
1311,大阪市中央高等学校,高校,大阪府大阪市,大阪府,中堅,50
1312,堺新高等学校,高校,大阪府堺,大阪府,中堅,50
1313,豊中総合高等学校,高校,大阪府豊中,大阪府,中堅,50
1314,吹田第一高等学校,高校,大阪府吹田,大阪府,弱小,50
1315,茨木第二高等学校,高校,大阪府茨木,大阪府,弱小,50
1316,高槻商業高等学校,高校,大阪府高槻,大阪府,弱小,50
1317,枚方工業高等学校,高校,大阪府枚方,大阪府,弱小,50
1318,寝屋川農業高等学校,高校,大阪府寝屋川,大阪府,弱小,50
1319,八尾総合高等学校,高校,大阪府八尾,大阪府,弱小,50
1320,岸和田普通高等学校,高校,大阪府岸和田,大阪府,弱小,50
1321,大阪市商業高等学校,高校,大阪府大阪市,大阪府,弱小,50
1322,堺工業高等学校,高校,大阪府堺,大阪府,弱小,50
1323,豊中農業高等学校,高校,大阪府豊中,大阪府,弱小,50
1324,吹田総合高等学校,高校,大阪府吹田,大阪府,弱小,50
1325,茨木普通高等学校,高校,大阪府茨木,大阪府,弱小,50
1326,高槻東高等学校,高校,大阪府高槻,大阪府,弱小,50
1327,枚方西高等学校,高校,大阪府枚方,大阪府,弱小,50
1328,寝屋川南高等学校,高校,大阪府寝屋川,大阪府,弱小,50
1329,八尾北高等学校,高校,大阪府八尾,大阪府,弱小,50
1330,岸和田中央高等学校,高校,大阪府岸和田,大阪府,弱小,50
1331,大阪市新高等学校,高校,大阪府大阪市,大阪府,弱小,50
1332,堺東高等学校,高校,大阪府堺,大阪府,弱小,50
1351,宝徳学園高校,高校,兵庫県西宮市,兵庫県,名門,50
1352,東峰大学付属姫路高校,高校,兵庫県姫路市,兵庫県,名門,50
1353,尼崎第一高等学校,高校,兵庫県尼崎,兵庫県,強豪,50
1354,明石第二高等学校,高校,兵庫県明石,兵庫県,強豪,50
1355,西宮第三高等学校,高校,兵庫県西宮,兵庫県,強豪,50
1356,芦屋第四高等学校,高校,兵庫県芦屋,兵庫県,強豪,50
1357,伊丹東高等学校,高校,兵庫県伊丹,兵庫県,中堅,50
1358,宝塚西高等学校,高校,兵庫県宝塚,兵庫県,中堅,50
1359,川西南高等学校,高校,兵庫県川西,兵庫県,中堅,50
1360,三田北高等学校,高校,兵庫県三田,兵庫県,中堅,50
1361,神戸中央高等学校,高校,兵庫県神戸,兵庫県,中堅,50
1362,姫路新高等学校,高校,兵庫県姫路,兵庫県,中堅,50
1363,尼崎総合高等学校,高校,兵庫県尼崎,兵庫県,中堅,50
1364,明石第1高等学校,高校,兵庫県明石,兵庫県,弱小,50
1365,西宮第2高等学校,高校,兵庫県西宮,兵庫県,弱小,50
1366,芦屋商業高等学校,高校,兵庫県芦屋,兵庫県,弱小,50
1367,伊丹工業高等学校,高校,兵庫県伊丹,兵庫県,弱小,50
1368,宝塚農業高等学校,高校,兵庫県宝塚,兵庫県,弱小,50
1369,川西総合高等学校,高校,兵庫県川西,兵庫県,弱小,50
1370,三田普通高等学校,高校,兵庫県三田,兵庫県,弱小,50
1371,神戸商業高等学校,高校,兵庫県神戸,兵庫県,弱小,50
1372,姫路工業高等学校,高校,兵庫県姫路,兵庫県,弱小,50
1373,尼崎農業高等学校,高校,兵庫県尼崎,兵庫県,弱小,50
1374,明石総合高等学校,高校,兵庫県明石,兵庫県,弱小,50
1375,西宮普通高等学校,高校,兵庫県西宮,兵庫県,弱小,50
1376,芦屋東高等学校,高校,兵庫県芦屋,兵庫県,弱小,50
1377,伊丹西高等学校,高校,兵庫県伊丹,兵庫県,弱小,50
1378,宝塚南高等学校,高校,兵庫県宝塚,兵庫県,弱小,50
1379,川西北高等学校,高校,兵庫県川西,兵庫県,弱小,50
1380,三田中央高等学校,高校,兵庫県三田,兵庫県,弱小,50
1381,神戸新高等学校,高校,兵庫県神戸,兵庫県,弱小,50
1382,姫路東高等学校,高校,兵庫県姫路,兵庫県,弱小,50
1401,智弁高校,高校,奈良県五條市,奈良県,名門,50
1402,天理大高校,高校,奈良県天理市,奈良県,名門,50
1403,大和郡山第一高等学校,高校,奈良県大和郡山,奈良県,強豪,50
1404,天理第二高等学校,高校,奈良県天理,奈良県,強豪,50
1405,橿原第三高等学校,高校,奈良県橿原,奈良県,強豪,50
1406,桜井第四高等学校,高校,奈良県桜井,奈良県,強豪,50
1407,五條東高等学校,高校,奈良県五條,奈良県,中堅,50
1408,御所西高等学校,高校,奈良県御所,奈良県,中堅,50
1409,生駒南高等学校,高校,奈良県生駒,奈良県,中堅,50
1410,香芝北高等学校,高校,奈良県香芝,奈良県,中堅,50
1411,奈良中央高等学校,高校,奈良県奈良,奈良県,中堅,50
1412,大和高田新高等学校,高校,奈良県大和高田,奈良県,中堅,50
1413,大和郡山総合高等学校,高校,奈良県大和郡山,奈良県,中堅,50
1414,天理第一高等学校,高校,奈良県天理,奈良県,弱小,50
1415,橿原第二高等学校,高校,奈良県橿原,奈良県,弱小,50
1416,桜井商業高等学校,高校,奈良県桜井,奈良県,弱小,50
1417,五條工業高等学校,高校,奈良県五條,奈良県,弱小,50
1418,御所農業高等学校,高校,奈良県御所,奈良県,弱小,50
1419,生駒総合高等学校,高校,奈良県生駒,奈良県,弱小,50
1420,香芝普通高等学校,高校,奈良県香芝,奈良県,弱小,50
1421,奈良商業高等学校,高校,奈良県奈良,奈良県,弱小,50
1422,大和高田工業高等学校,高校,奈良県大和高田,奈良県,弱小,50
1423,大和郡山農業高等学校,高校,奈良県大和郡山,奈良県,弱小,50
1424,天理総合高等学校,高校,奈良県天理,奈良県,弱小,50
1425,橿原普通高等学校,高校,奈良県橿原,奈良県,弱小,50
1426,桜井東高等学校,高校,奈良県桜井,奈良県,弱小,50
1427,五條西高等学校,高校,奈良県五條,奈良県,弱小,50
1428,御所南高等学校,高校,奈良県御所,奈良県,弱小,50
1429,生駒北高等学校,高校,奈良県生駒,奈良県,弱小,50
1430,香芝中央高等学校,高校,奈良県香芝,奈良県,弱小,50
1431,奈良新高等学校,高校,奈良県奈良,奈良県,弱小,50
1432,大和高田東高等学校,高校,奈良県大和高田,奈良県,弱小,50
1451,智弁高校和歌山,高校,和歌山県和歌山市,和歌山県,名門,50
1452,市立和歌山高校,高校,和歌山県和歌山市,和歌山県,名門,50
1453,橋本第一高等学校,高校,和歌山県橋本,和歌山県,強豪,50
1454,有田第二高等学校,高校,和歌山県有田,和歌山県,強豪,50
1455,御坊第三高等学校,高校,和歌山県御坊,和歌山県,強豪,50
1456,田辺第四高等学校,高校,和歌山県田辺,和歌山県,強豪,50
1457,新宮東高等学校,高校,和歌山県新宮,和歌山県,中堅,50
1458,紀の川西高等学校,高校,和歌山県紀の川,和歌山県,中堅,50
1459,岩出南高等学校,高校,和歌山県岩出,和歌山県,中堅,50
1460,海草北高等学校,高校,和歌山県海草,和歌山県,中堅,50
1461,和歌山中央高等学校,高校,和歌山県和歌山,和歌山県,中堅,50
1462,海南新高等学校,高校,和歌山県海南,和歌山県,中堅,50
1463,橋本総合高等学校,高校,和歌山県橋本,和歌山県,中堅,50
1464,有田第一高等学校,高校,和歌山県有田,和歌山県,弱小,50
1465,御坊第二高等学校,高校,和歌山県御坊,和歌山県,弱小,50
1466,田辺商業高等学校,高校,和歌山県田辺,和歌山県,弱小,50
1467,新宮工業高等学校,高校,和歌山県新宮,和歌山県,弱小,50
1468,紀の川農業高等学校,高校,和歌山県紀の川,和歌山県,弱小,50
1469,岩出総合高等学校,高校,和歌山県岩出,和歌山県,弱小,50
1470,海草普通高等学校,高校,和歌山県海草,和歌山県,弱小,50
1471,和歌山商業高等学校,高校,和歌山県和歌山,和歌山県,弱小,50
1472,海南工業高等学校,高校,和歌山県海南,和歌山県,弱小,50
1473,橋本農業高等学校,高校,和歌山県橋本,和歌山県,弱小,50
1474,有田総合高等学校,高校,和歌山県有田,和歌山県,弱小,50
1475,御坊普通高等学校,高校,和歌山県御坊,和歌山県,弱小,50
1476,田辺東高等学校,高校,和歌山県田辺,和歌山県,弱小,50
1477,新宮西高等学校,高校,和歌山県新宮,和歌山県,弱小,50
1478,紀の川南高等学校,高校,和歌山県紀の川,和歌山県,弱小,50
1479,岩出北高等学校,高校,和歌山県岩出,和歌山県,弱小,50
1480,海草中央高等学校,高校,和歌山県海草,和歌山県,弱小,50
1481,和歌山新高等学校,高校,和歌山県和歌山,和歌山県,弱小,50
1482,海南東高等学校,高校,和歌山県海南,和歌山県,弱小,50
1501,鳥取条北高校,高校,鳥取県鳥取市,鳥取県,名門,50
1502,米子正院高校,高校,鳥取県米子市,鳥取県,名門,50
1503,倉吉第一高等学校,高校,鳥取県倉吉,鳥取県,強豪,50
1504,境港第二高等学校,高校,鳥取県境港,鳥取県,強豪,50
1505,岩美第三高等学校,高校,鳥取県岩美,鳥取県,強豪,50
1506,八頭第四高等学校,高校,鳥取県八頭,鳥取県,強豪,50
1507,東伯東高等学校,高校,鳥取県東伯,鳥取県,中堅,50
1508,西伯西高等学校,高校,鳥取県西伯,鳥取県,中堅,50
1509,日野南高等学校,高校,鳥取県日野,鳥取県,中堅,50
1510,日南北高等学校,高校,鳥取県日南,鳥取県,中堅,50
1511,鳥取中央高等学校,高校,鳥取県鳥取,鳥取県,中堅,50
1512,米子新高等学校,高校,鳥取県米子,鳥取県,中堅,50
1513,倉吉総合高等学校,高校,鳥取県倉吉,鳥取県,中堅,50
1514,境港第一高等学校,高校,鳥取県境港,鳥取県,弱小,50
1515,岩美第二高等学校,高校,鳥取県岩美,鳥取県,弱小,50
1516,八頭商業高等学校,高校,鳥取県八頭,鳥取県,弱小,50
1517,東伯工業高等学校,高校,鳥取県東伯,鳥取県,弱小,50
1518,西伯農業高等学校,高校,鳥取県西伯,鳥取県,弱小,50
1519,日野総合高等学校,高校,鳥取県日野,鳥取県,弱小,50
1520,日南普通高等学校,高校,鳥取県日南,鳥取県,弱小,50
1521,鳥取商業高等学校,高校,鳥取県鳥取,鳥取県,弱小,50
1522,米子工業高等学校,高校,鳥取県米子,鳥取県,弱小,50
1523,倉吉農業高等学校,高校,鳥取県倉吉,鳥取県,弱小,50
1524,境港総合高等学校,高校,鳥取県境港,鳥取県,弱小,50
1525,岩美普通高等学校,高校,鳥取県岩美,鳥取県,弱小,50
1526,八頭東高等学校,高校,鳥取県八頭,鳥取県,弱小,50
1527,東伯西高等学校,高校,鳥取県東伯,鳥取県,弱小,50
1528,西伯南高等学校,高校,鳥取県西伯,鳥取県,弱小,50
1529,日野北高等学校,高校,鳥取県日野,鳥取県,弱小,50
1530,日南中央高等学校,高校,鳥取県日南,鳥取県,弱小,50
1531,鳥取新高等学校,高校,鳥取県鳥取,鳥取県,弱小,50
1532,米子東高等学校,高校,鳥取県米子,鳥取県,弱小,50
1551,海生高校,高校,島根県松江市,島根県,名門,50
1552,立誠大学湘南高校,高校,島根県松江市,島根県,名門,50
1553,出雲第一高等学校,高校,島根県出雲,島根県,強豪,50
1554,益田第二高等学校,高校,島根県益田,島根県,強豪,50
1555,大田第三高等学校,高校,島根県大田,島根県,強豪,50
1556,安来第四高等学校,高校,島根県安来,島根県,強豪,50
1557,江津東高等学校,高校,島根県江津,島根県,中堅,50
1558,雲南西高等学校,高校,島根県雲南,島根県,中堅,50
1559,仁多南高等学校,高校,島根県仁多,島根県,中堅,50
1560,邑智北高等学校,高校,島根県邑智,島根県,中堅,50
1561,松江中央高等学校,高校,島根県松江,島根県,中堅,50
1562,浜田新高等学校,高校,島根県浜田,島根県,中堅,50
1563,出雲総合高等学校,高校,島根県出雲,島根県,中堅,50
1564,益田第一高等学校,高校,島根県益田,島根県,弱小,50
1565,大田第二高等学校,高校,島根県大田,島根県,弱小,50
1566,安来商業高等学校,高校,島根県安来,島根県,弱小,50
1567,江津工業高等学校,高校,島根県江津,島根県,弱小,50
1568,雲南農業高等学校,高校,島根県雲南,島根県,弱小,50
1569,仁多総合高等学校,高校,島根県仁多,島根県,弱小,50
1570,邑智普通高等学校,高校,島根県邑智,島根県,弱小,50
1571,松江商業高等学校,高校,島根県松江,島根県,弱小,50
1572,浜田工業高等学校,高校,島根県浜田,島根県,弱小,50
1573,出雲農業高等学校,高校,島根県出雲,島根県,弱小,50
1574,益田総合高等学校,高校,島根県益田,島根県,弱小,50
1575,大田普通高等学校,高校,島根県大田,島根県,弱小,50
1576,安来東高等学校,高校,島根県安来,島根県,弱小,50
1577,江津西高等学校,高校,島根県江津,島根県,弱小,50
1578,雲南南高等学校,高校,島根県雲南,島根県,弱小,50
1579,仁多北高等学校,高校,島根県仁多,島根県,弱小,50
1580,邑智中央高等学校,高校,島根県邑智,島根県,弱小,50
1581,松江新高等学校,高校,島根県松江,島根県,弱小,50
1582,浜田東高等学校,高校,島根県浜田,島根県,弱小,50
1601,関西学院高校,高校,岡山県岡山市,岡山県,名門,50
1602,金光第一高校,高校,岡山県浅口市,岡山県,名門,50
1603,津山第一高等学校,高校,岡山県津山,岡山県,強豪,50
1604,玉野第二高等学校,高校,岡山県玉野,岡山県,強豪,50
1605,笠岡第三高等学校,高校,岡山県笠岡,岡山県,強豪,50
1606,井原第四高等学校,高校,岡山県井原,岡山県,強豪,50
1607,総社東高等学校,高校,岡山県総社,岡山県,中堅,50
1608,高梁西高等学校,高校,岡山県高梁,岡山県,中堅,50
1609,新見南高等学校,高校,岡山県新見,岡山県,中堅,50
1610,備前北高等学校,高校,岡山県備前,岡山県,中堅,50
1611,岡山中央高等学校,高校,岡山県岡山,岡山県,中堅,50
1612,倉敷新高等学校,高校,岡山県倉敷,岡山県,中堅,50
1613,津山総合高等学校,高校,岡山県津山,岡山県,中堅,50
1614,玉野第一高等学校,高校,岡山県玉野,岡山県,弱小,50
1615,笠岡第二高等学校,高校,岡山県笠岡,岡山県,弱小,50
1616,井原商業高等学校,高校,岡山県井原,岡山県,弱小,50
1617,総社工業高等学校,高校,岡山県総社,岡山県,弱小,50
1618,高梁農業高等学校,高校,岡山県高梁,岡山県,弱小,50
1619,新見総合高等学校,高校,岡山県新見,岡山県,弱小,50
1620,備前普通高等学校,高校,岡山県備前,岡山県,弱小,50
1621,岡山商業高等学校,高校,岡山県岡山,岡山県,弱小,50
1622,倉敷工業高等学校,高校,岡山県倉敷,岡山県,弱小,50
1623,津山農業高等学校,高校,岡山県津山,岡山県,弱小,50
1624,玉野総合高等学校,高校,岡山県玉野,岡山県,弱小,50
1625,笠岡普通高等学校,高校,岡山県笠岡,岡山県,弱小,50
1626,井原東高等学校,高校,岡山県井原,岡山県,弱小,50
1627,総社西高等学校,高校,岡山県総社,岡山県,弱小,50
1628,高梁南高等学校,高校,岡山県高梁,岡山県,弱小,50
1629,新見北高等学校,高校,岡山県新見,岡山県,弱小,50
1630,備前中央高等学校,高校,岡山県備前,岡山県,弱小,50
1631,岡山新高等学校,高校,岡山県岡山,岡山県,弱小,50
1632,倉敷東高等学校,高校,岡山県倉敷,岡山県,弱小,50
1651,広稜高校,高校,広島県広島市,広島県,名門,50
1652,広島商業高校,高校,広島県広島市,広島県,名門,50
1653,福山第一高等学校,高校,広島県福山,広島県,強豪,50
1654,東広島第二高等学校,高校,広島県東広島,広島県,強豪,50
1655,廿日市第三高等学校,高校,広島県廿日市,広島県,強豪,50
1656,安芸高田第四高等学校,高校,広島県安芸高田,広島県,強豪,50
1657,江田島東高等学校,高校,広島県江田島,広島県,中堅,50
1658,大竹西高等学校,高校,広島県大竹,広島県,中堅,50
1659,竹原南高等学校,高校,広島県竹原,広島県,中堅,50
1660,三原北高等学校,高校,広島県三原,広島県,中堅,50
1661,広島中央高等学校,高校,広島県広島,広島県,中堅,50
1662,呉新高等学校,高校,広島県呉,広島県,中堅,50
1663,福山総合高等学校,高校,広島県福山,広島県,中堅,50
1664,東広島第一高等学校,高校,広島県東広島,広島県,弱小,50
1665,廿日市第二高等学校,高校,広島県廿日市,広島県,弱小,50
1666,安芸高田商業高等学校,高校,広島県安芸高田,広島県,弱小,50
1667,江田島工業高等学校,高校,広島県江田島,広島県,弱小,50
1668,大竹農業高等学校,高校,広島県大竹,広島県,弱小,50
1669,竹原総合高等学校,高校,広島県竹原,広島県,弱小,50
1670,三原普通高等学校,高校,広島県三原,広島県,弱小,50
1671,広島北商業高等学校,高校,広島県広島,広島県,弱小,50
1672,呉工業高等学校,高校,広島県呉,広島県,弱小,50
1673,福山農業高等学校,高校,広島県福山,広島県,弱小,50
1674,東広島総合高等学校,高校,広島県東広島,広島県,弱小,50
1675,廿日市普通高等学校,高校,広島県廿日市,広島県,弱小,50
1676,安芸高田東高等学校,高校,広島県安芸高田,広島県,弱小,50
1677,江田島西高等学校,高校,広島県江田島,広島県,弱小,50
1678,大竹南高等学校,高校,広島県大竹,広島県,弱小,50
1679,竹原北高等学校,高校,広島県竹原,広島県,弱小,50
1680,三原中央高等学校,高校,広島県三原,広島県,弱小,50
1681,広島新高等学校,高校,広島県広島,広島県,弱小,50
1682,呉東高等学校,高校,広島県呉,広島県,弱小,50
1701,高川高校,高校,山口県防府市,山口県,名門,50
1702,下関インターナショナル高校,高校,山口県下関,山口県,名門,50
1703,宇部第一高等学校,高校,山口県宇部,山口県,強豪,50
1704,周南第二高等学校,高校,山口県周南,山口県,強豪,50
1705,岩国第三高等学校,高校,山口県岩国,山口県,強豪,50
1706,長門第四高等学校,高校,山口県長門,山口県,強豪,50
1707,萩東高等学校,高校,山口県萩,山口県,中堅,50
1708,美祢西高等学校,高校,山口県美祢,山口県,中堅,50
1709,柳井南高等学校,高校,山口県柳井,山口県,中堅,50
1710,光北高等学校,高校,山口県光,山口県,中堅,50
1711,山口中央高等学校,高校,山口県山口,山口県,中堅,50
1712,下関新高等学校,高校,山口県下関,山口県,中堅,50
1713,宇部総合高等学校,高校,山口県宇部,山口県,中堅,50
1714,周南第一高等学校,高校,山口県周南,山口県,弱小,50
1715,岩国第二高等学校,高校,山口県岩国,山口県,弱小,50
1716,長門商業高等学校,高校,山口県長門,山口県,弱小,50
1717,萩工業高等学校,高校,山口県萩,山口県,弱小,50
1718,美祢農業高等学校,高校,山口県美祢,山口県,弱小,50
1719,柳井総合高等学校,高校,山口県柳井,山口県,弱小,50
1720,光普通高等学校,高校,山口県光,山口県,弱小,50
1721,山口商業高等学校,高校,山口県山口,山口県,弱小,50
1722,下関工業高等学校,高校,山口県下関,山口県,弱小,50
1723,宇部農業高等学校,高校,山口県宇部,山口県,弱小,50
1724,周南総合高等学校,高校,山口県周南,山口県,弱小,50
1725,岩国普通高等学校,高校,山口県岩国,山口県,弱小,50
1726,長門東高等学校,高校,山口県長門,山口県,弱小,50
1727,萩西高等学校,高校,山口県萩,山口県,弱小,50
1728,美祢南高等学校,高校,山口県美祢,山口県,弱小,50
1729,柳井北高等学校,高校,山口県柳井,山口県,弱小,50
1730,光中央高等学校,高校,山口県光,山口県,弱小,50
1731,山口新高等学校,高校,山口県山口,山口県,弱小,50
1732,下関東高等学校,高校,山口県下関,山口県,弱小,50
1751,鳴門高校,高校,徳島県鳴門市,徳島県,名門,50
1752,徳島商業高校,高校,徳島県徳島市,徳島県,名門,50
1753,小松島第一高等学校,高校,徳島県小松島,徳島県,強豪,50
1754,阿南第二高等学校,高校,徳島県阿南,徳島県,強豪,50
1755,吉野川第三高等学校,高校,徳島県吉野川,徳島県,強豪,50
1756,阿波第四高等学校,高校,徳島県阿波,徳島県,強豪,50
1757,美馬東高等学校,高校,徳島県美馬,徳島県,中堅,50
1758,三好西高等学校,高校,徳島県三好,徳島県,中堅,50
1759,勝浦南高等学校,高校,徳島県勝浦,徳島県,中堅,50
1760,板野北高等学校,高校,徳島県板野,徳島県,中堅,50
1761,徳島中央高等学校,高校,徳島県徳島,徳島県,中堅,50
1762,鳴門新高等学校,高校,徳島県鳴門,徳島県,中堅,50
1763,小松島総合高等学校,高校,徳島県小松島,徳島県,中堅,50
1764,阿南第一高等学校,高校,徳島県阿南,徳島県,弱小,50
1765,吉野川第二高等学校,高校,徳島県吉野川,徳島県,弱小,50
1766,阿波商業高等学校,高校,徳島県阿波,徳島県,弱小,50
1767,美馬工業高等学校,高校,徳島県美馬,徳島県,弱小,50
1768,三好農業高等学校,高校,徳島県三好,徳島県,弱小,50
1769,勝浦総合高等学校,高校,徳島県勝浦,徳島県,弱小,50
1770,板野普通高等学校,高校,徳島県板野,徳島県,弱小,50
1771,徳島東商業高等学校,高校,徳島県徳島,徳島県,弱小,50
1772,鳴門工業高等学校,高校,徳島県鳴門,徳島県,弱小,50
1773,小松島農業高等学校,高校,徳島県小松島,徳島県,弱小,50
1774,阿南総合高等学校,高校,徳島県阿南,徳島県,弱小,50
1775,吉野川普通高等学校,高校,徳島県吉野川,徳島県,弱小,50
1776,阿波東高等学校,高校,徳島県阿波,徳島県,弱小,50
1777,美馬西高等学校,高校,徳島県美馬,徳島県,弱小,50
1778,三好南高等学校,高校,徳島県三好,徳島県,弱小,50
1779,勝浦北高等学校,高校,徳島県勝浦,徳島県,弱小,50
1780,板野中央高等学校,高校,徳島県板野,徳島県,弱小,50
1781,徳島新高等学校,高校,徳島県徳島,徳島県,弱小,50
1782,鳴門東高等学校,高校,徳島県鳴門,徳島県,弱小,50
1801,尽正学園高校,高校,香川県善通寺市,香川県,名門,50
1802,英名高校,高校,香川県高松市,香川県,名門,50
1803,坂出第一高等学校,高校,香川県坂出,香川県,強豪,50
1804,善通寺第二高等学校,高校,香川県善通寺,香川県,強豪,50
1805,観音寺第三高等学校,高校,香川県観音寺,香川県,強豪,50
1806,さぬき第四高等学校,高校,香川県さぬき,香川県,強豪,50
1807,東かがわ東高等学校,高校,香川県東かがわ,香川県,中堅,50
1808,綾歌西高等学校,高校,香川県綾歌,香川県,中堅,50
1809,小豆島南高等学校,高校,香川県小豆島,香川県,中堅,50
1810,土庄北高等学校,高校,香川県土庄,香川県,中堅,50
1811,高松中央高等学校,高校,香川県高松,香川県,中堅,50
1812,丸亀新高等学校,高校,香川県丸亀,香川県,中堅,50
1813,坂出総合高等学校,高校,香川県坂出,香川県,中堅,50
1814,善通寺第一高等学校,高校,香川県善通寺,香川県,弱小,50
1815,観音寺第二高等学校,高校,香川県観音寺,香川県,弱小,50
1816,さぬき商業高等学校,高校,香川県さぬき,香川県,弱小,50
1817,東かがわ工業高等学校,高校,香川県東かがわ,香川県,弱小,50
1818,綾歌農業高等学校,高校,香川県綾歌,香川県,弱小,50
1819,小豆島総合高等学校,高校,香川県小豆島,香川県,弱小,50
1820,土庄普通高等学校,高校,香川県土庄,香川県,弱小,50
1821,高松商業高等学校,高校,香川県高松,香川県,弱小,50
1822,丸亀工業高等学校,高校,香川県丸亀,香川県,弱小,50
1823,坂出農業高等学校,高校,香川県坂出,香川県,弱小,50
1824,善通寺総合高等学校,高校,香川県善通寺,香川県,弱小,50
1825,観音寺普通高等学校,高校,香川県観音寺,香川県,弱小,50
1826,さぬき東高等学校,高校,香川県さぬき,香川県,弱小,50
1827,東かがわ西高等学校,高校,香川県東かがわ,香川県,弱小,50
1828,綾歌南高等学校,高校,香川県綾歌,香川県,弱小,50
1829,小豆島北高等学校,高校,香川県小豆島,香川県,弱小,50
1830,土庄中央高等学校,高校,香川県土庄,香川県,弱小,50
1831,高松新高等学校,高校,香川県高松,香川県,弱小,50
1832,丸亀東高等学校,高校,香川県丸亀,香川県,弱小,50
1851,細美高校,高校,愛媛県松山市,愛媛県,名門,50
1852,聖カトリーヌ学院,高校,愛媛県松山市,愛媛県,名門,50
1853,今治西高校,高校,愛媛県今治市,愛媛県,強豪,50
1854,松山商業高校,高校,愛媛県松山市,愛媛県,強豪,50
1855,大洲第三高等学校,高校,愛媛県大洲,愛媛県,強豪,50
1856,伊予第四高等学校,高校,愛媛県伊予,愛媛県,強豪,50
1857,四国中央東高等学校,高校,愛媛県四国中央,愛媛県,中堅,50
1858,西予西高等学校,高校,愛媛県西予,愛媛県,中堅,50
1859,上浮穴南高等学校,高校,愛媛県上浮穴,愛媛県,中堅,50
1860,伊予北高等学校,高校,愛媛県伊予,愛媛県,中堅,50
1861,松山中央高等学校,高校,愛媛県松山,愛媛県,中堅,50
1862,今治新高等学校,高校,愛媛県今治,愛媛県,中堅,50
1863,新居浜総合高等学校,高校,愛媛県新居浜,愛媛県,中堅,50
1864,西条第一高等学校,高校,愛媛県西条,愛媛県,弱小,50
1865,大洲第二高等学校,高校,愛媛県大洲,愛媛県,弱小,50
1866,伊予商業高等学校,高校,愛媛県伊予,愛媛県,弱小,50
1867,四国中央工業高等学校,高校,愛媛県四国中央,愛媛県,弱小,50
1868,西予農業高等学校,高校,愛媛県西予,愛媛県,弱小,50
1869,上浮穴総合高等学校,高校,愛媛県上浮穴,愛媛県,弱小,50
1870,伊予普通高等学校,高校,愛媛県伊予,愛媛県,弱小,50
1871,松山中央商業高等学校,高校,愛媛県松山,愛媛県,弱小,50
1872,今治工業高等学校,高校,愛媛県今治,愛媛県,弱小,50
1873,新居浜農業高等学校,高校,愛媛県新居浜,愛媛県,弱小,50
1874,西条総合高等学校,高校,愛媛県西条,愛媛県,弱小,50
1875,大洲普通高等学校,高校,愛媛県大洲,愛媛県,弱小,50
1876,伊予東高等学校,高校,愛媛県伊予,愛媛県,弱小,50
1877,四国中央西高等学校,高校,愛媛県四国中央,愛媛県,弱小,50
1878,西予南高等学校,高校,愛媛県西予,愛媛県,弱小,50
1879,上浮穴北高等学校,高校,愛媛県上浮穴,愛媛県,弱小,50
1880,伊予中央高等学校,高校,愛媛県伊予,愛媛県,弱小,50
1881,松山新高等学校,高校,愛媛県松山,愛媛県,弱小,50
1882,今治東高等学校,高校,愛媛県今治,愛媛県,弱小,50
1901,明督義塾高校,高校,高知県須崎市,高知県,名門,50
1902,高知高校,高校,高知県高知市,高知県,名門,50
1903,安芸第一高等学校,高校,高知県安芸,高知県,強豪,50
1904,南国第二高等学校,高校,高知県南国,高知県,強豪,50
1905,土佐第三高等学校,高校,高知県土佐,高知県,強豪,50
1906,須崎第四高等学校,高校,高知県須崎,高知県,強豪,50
1907,宿毛東高等学校,高校,高知県宿毛,高知県,中堅,50
1908,土佐清水西高等学校,高校,高知県土佐清水,高知県,中堅,50
1909,四万十南高等学校,高校,高知県四万十,高知県,中堅,50
1910,香南北高等学校,高校,高知県香南,高知県,中堅,50
1911,高知中央高等学校,高校,高知県高知,高知県,中堅,50
1912,室戸新高等学校,高校,高知県室戸,高知県,中堅,50
1913,安芸総合高等学校,高校,高知県安芸,高知県,中堅,50
1914,南国第一高等学校,高校,高知県南国,高知県,弱小,50
1915,土佐第二高等学校,高校,高知県土佐,高知県,弱小,50
1916,須崎商業高等学校,高校,高知県須崎,高知県,弱小,50
1917,宿毛工業高等学校,高校,高知県宿毛,高知県,弱小,50
1918,土佐清水農業高等学校,高校,高知県土佐清水,高知県,弱小,50
1919,四万十総合高等学校,高校,高知県四万十,高知県,弱小,50
1920,香南普通高等学校,高校,高知県香南,高知県,弱小,50
1921,高知商業高等学校,高校,高知県高知,高知県,弱小,50
1922,室戸工業高等学校,高校,高知県室戸,高知県,弱小,50
1923,安芸農業高等学校,高校,高知県安芸,高知県,弱小,50
1924,南国総合高等学校,高校,高知県南国,高知県,弱小,50
1925,土佐普通高等学校,高校,高知県土佐,高知県,弱小,50
1926,須崎東高等学校,高校,高知県須崎,高知県,弱小,50
1927,宿毛西高等学校,高校,高知県宿毛,高知県,弱小,50
1928,土佐清水南高等学校,高校,高知県土佐清水,高知県,弱小,50
1929,四万十北高等学校,高校,高知県四万十,高知県,弱小,50
1930,香南中央高等学校,高校,高知県香南,高知県,弱小,50
1931,高知新高等学校,高校,高知県高知,高知県,弱小,50
1932,室戸東高等学校,高校,高知県室戸,高知県,弱小,50
1951,西日本大学付属高校,高校,福岡県八女市,福岡県,名門,50
1952,九州インターナショナル付属高校,高校,福岡県北九州市,福岡県,名門,50
1953,久留米第一高等学校,高校,福岡県久留米,福岡県,強豪,50
1954,大牟田第二高等学校,高校,福岡県大牟田,福岡県,強豪,50
1955,直方第三高等学校,高校,福岡県直方,福岡県,強豪,50
1956,飯塚第四高等学校,高校,福岡県飯塚,福岡県,強豪,50
1957,田川東高等学校,高校,福岡県田川,福岡県,中堅,50
1958,柳川西高等学校,高校,福岡県柳川,福岡県,中堅,50
1959,八女南高等学校,高校,福岡県八女,福岡県,中堅,50
1960,筑後北高等学校,高校,福岡県筑後,福岡県,中堅,50
1961,福岡中央高等学校,高校,福岡県福岡,福岡県,中堅,50
1962,北九州新高等学校,高校,福岡県北九州,福岡県,中堅,50
1963,久留米総合高等学校,高校,福岡県久留米,福岡県,中堅,50
1964,大牟田第一高等学校,高校,福岡県大牟田,福岡県,弱小,50
1965,直方第二高等学校,高校,福岡県直方,福岡県,弱小,50
1966,飯塚商業高等学校,高校,福岡県飯塚,福岡県,弱小,50
1967,田川工業高等学校,高校,福岡県田川,福岡県,弱小,50
1968,柳川農業高等学校,高校,福岡県柳川,福岡県,弱小,50
1969,八女総合高等学校,高校,福岡県八女,福岡県,弱小,50
1970,筑後普通高等学校,高校,福岡県筑後,福岡県,弱小,50
1971,福岡商業高等学校,高校,福岡県福岡,福岡県,弱小,50
1972,北九州工業高等学校,高校,福岡県北九州,福岡県,弱小,50
1973,久留米農業高等学校,高校,福岡県久留米,福岡県,弱小,50
1974,大牟田総合高等学校,高校,福岡県大牟田,福岡県,弱小,50
1975,直方普通高等学校,高校,福岡県直方,福岡県,弱小,50
1976,飯塚東高等学校,高校,福岡県飯塚,福岡県,弱小,50
1977,田川西高等学校,高校,福岡県田川,福岡県,弱小,50
1978,柳川南高等学校,高校,福岡県柳川,福岡県,弱小,50
1979,八女北高等学校,高校,福岡県八女,福岡県,弱小,50
1980,筑後中央高等学校,高校,福岡県筑後,福岡県,弱小,50
1981,福岡新高等学校,高校,福岡県福岡,福岡県,弱小,50
1982,北九州東高等学校,高校,福岡県北九州,福岡県,弱小,50
2001,佐賀北高校,高校,佐賀県佐賀市,佐賀県,名門,50
2002,有田工業高校,高校,佐賀県有田町,佐賀県,名門,50
2003,鳥栖第一高等学校,高校,佐賀県鳥栖,佐賀県,強豪,50
2004,多久第二高等学校,高校,佐賀県多久,佐賀県,強豪,50
2005,伊万里第三高等学校,高校,佐賀県伊万里,佐賀県,強豪,50
2006,武雄第四高等学校,高校,佐賀県武雄,佐賀県,強豪,50
2007,鹿島東高等学校,高校,佐賀県鹿島,佐賀県,中堅,50
2008,小城西高等学校,高校,佐賀県小城,佐賀県,中堅,50
2009,嬉野南高等学校,高校,佐賀県嬉野,佐賀県,中堅,50
2010,神埼北高等学校,高校,佐賀県神埼,佐賀県,中堅,50
2011,佐賀中央高等学校,高校,佐賀県佐賀,佐賀県,中堅,50
2012,唐津新高等学校,高校,佐賀県唐津,佐賀県,中堅,50
2013,鳥栖総合高等学校,高校,佐賀県鳥栖,佐賀県,中堅,50
2014,多久第一高等学校,高校,佐賀県多久,佐賀県,弱小,50
2015,伊万里第二高等学校,高校,佐賀県伊万里,佐賀県,弱小,50
2016,武雄商業高等学校,高校,佐賀県武雄,佐賀県,弱小,50
2017,鹿島工業高等学校,高校,佐賀県鹿島,佐賀県,弱小,50
2018,小城農業高等学校,高校,佐賀県小城,佐賀県,弱小,50
2019,嬉野総合高等学校,高校,佐賀県嬉野,佐賀県,弱小,50
2020,神埼普通高等学校,高校,佐賀県神埼,佐賀県,弱小,50
2021,佐賀商業高等学校,高校,佐賀県佐賀,佐賀県,弱小,50
2022,唐津工業高等学校,高校,佐賀県唐津,佐賀県,弱小,50
2023,鳥栖農業高等学校,高校,佐賀県鳥栖,佐賀県,弱小,50
2024,多久総合高等学校,高校,佐賀県多久,佐賀県,弱小,50
2025,伊万里普通高等学校,高校,佐賀県伊万里,佐賀県,弱小,50
2026,武雄東高等学校,高校,佐賀県武雄,佐賀県,弱小,50
2027,鹿島西高等学校,高校,佐賀県鹿島,佐賀県,弱小,50
2028,小城南高等学校,高校,佐賀県小城,佐賀県,弱小,50
2029,嬉野北高等学校,高校,佐賀県嬉野,佐賀県,弱小,50
2030,神埼中央高等学校,高校,佐賀県神埼,佐賀県,弱小,50
2031,佐賀新高等学校,高校,佐賀県佐賀,佐賀県,弱小,50
2032,唐津東高等学校,高校,佐賀県唐津,佐賀県,弱小,50
2051,創正館高校,高校,長崎県諫早市,長崎県,名門,50
2052,海鵬高校,高校,長崎県長崎市,長崎県,名門,50
2053,清峰高校,高校,長崎県佐々町,長崎県,強豪,50
2054,小浜高校,高校,長崎県雲仙市,長崎県,強豪,50
2055,大村第三高等学校,高校,長崎県大村,長崎県,強豪,50
2056,平戸第四高等学校,高校,長崎県平戸,長崎県,強豪,50
2057,松浦東高等学校,高校,長崎県松浦,長崎県,中堅,50
2058,対馬西高等学校,高校,長崎県対馬,長崎県,中堅,50
2059,壱岐南高等学校,高校,長崎県壱岐,長崎県,中堅,50
2060,五島北高等学校,高校,長崎県五島,長崎県,中堅,50
2061,長崎中央高等学校,高校,長崎県長崎,長崎県,中堅,50
2062,佐世保新高等学校,高校,長崎県佐世保,長崎県,中堅,50
2063,島原総合高等学校,高校,長崎県島原,長崎県,中堅,50
2064,諫早第一高等学校,高校,長崎県諫早,長崎県,弱小,50
2065,大村第二高等学校,高校,長崎県大村,長崎県,弱小,50
2066,平戸商業高等学校,高校,長崎県平戸,長崎県,弱小,50
2067,松浦工業高等学校,高校,長崎県松浦,長崎県,弱小,50
2068,対馬農業高等学校,高校,長崎県対馬,長崎県,弱小,50
2069,壱岐総合高等学校,高校,長崎県壱岐,長崎県,弱小,50
2070,五島普通高等学校,高校,長崎県五島,長崎県,弱小,50
2071,長崎商業高等学校,高校,長崎県長崎,長崎県,弱小,50
2072,佐世保工業高等学校,高校,長崎県佐世保,長崎県,弱小,50
2073,島原農業高等学校,高校,長崎県島原,長崎県,弱小,50
2074,諫早総合高等学校,高校,長崎県諫早,長崎県,弱小,50
2075,大村普通高等学校,高校,長崎県大村,長崎県,弱小,50
2076,平戸東高等学校,高校,長崎県平戸,長崎県,弱小,50
2077,松浦西高等学校,高校,長崎県松浦,長崎県,弱小,50
2078,対馬南高等学校,高校,長崎県対馬,長崎県,弱小,50
2079,壱岐北高等学校,高校,長崎県壱岐,長崎県,弱小,50
2080,五島中央高等学校,高校,長崎県五島,長崎県,弱小,50
2081,長崎新高等学校,高校,長崎県長崎,長崎県,弱小,50
2082,佐世保東高等学校,高校,長崎県佐世保,長崎県,弱小,50
2101,東浜大学付属熊本高校,高校,熊本県熊本市,熊本県,名門,50
2102,専洲大学玉名高校,高校,熊本県玉名市,熊本県,名門,50
2103,人吉第一高等学校,高校,熊本県人吉,熊本県,強豪,50
2104,荒尾第二高等学校,高校,熊本県荒尾,熊本県,強豪,50
2105,水俣第三高等学校,高校,熊本県水俣,熊本県,強豪,50
2106,玉名第四高等学校,高校,熊本県玉名,熊本県,強豪,50
2107,山鹿東高等学校,高校,熊本県山鹿,熊本県,中堅,50
2108,菊池西高等学校,高校,熊本県菊池,熊本県,中堅,50
2109,宇土南高等学校,高校,熊本県宇土,熊本県,中堅,50
2110,上天草北高等学校,高校,熊本県上天草,熊本県,中堅,50
2111,熊本中央高等学校,高校,熊本県熊本,熊本県,中堅,50
2112,八代新高等学校,高校,熊本県八代,熊本県,中堅,50
2113,人吉総合高等学校,高校,熊本県人吉,熊本県,中堅,50
2114,荒尾第一高等学校,高校,熊本県荒尾,熊本県,弱小,50
2115,水俣第二高等学校,高校,熊本県水俣,熊本県,弱小,50
2116,玉名商業高等学校,高校,熊本県玉名,熊本県,弱小,50
2117,山鹿工業高等学校,高校,熊本県山鹿,熊本県,弱小,50
2118,菊池農業高等学校,高校,熊本県菊池,熊本県,弱小,50
2119,宇土総合高等学校,高校,熊本県宇土,熊本県,弱小,50
2120,上天草普通高等学校,高校,熊本県上天草,熊本県,弱小,50
2121,熊本商業高等学校,高校,熊本県熊本,熊本県,弱小,50
2122,八代工業高等学校,高校,熊本県八代,熊本県,弱小,50
2123,人吉農業高等学校,高校,熊本県人吉,熊本県,弱小,50
2124,荒尾総合高等学校,高校,熊本県荒尾,熊本県,弱小,50
2125,水俣普通高等学校,高校,熊本県水俣,熊本県,弱小,50
2126,玉名東高等学校,高校,熊本県玉名,熊本県,弱小,50
2127,山鹿西高等学校,高校,熊本県山鹿,熊本県,弱小,50
2128,菊池南高等学校,高校,熊本県菊池,熊本県,弱小,50
2129,宇土北高等学校,高校,熊本県宇土,熊本県,弱小,50
2130,上天草中央高等学校,高校,熊本県上天草,熊本県,弱小,50
2131,熊本新高等学校,高校,熊本県熊本,熊本県,弱小,50
2132,八代東高等学校,高校,熊本県八代,熊本県,弱小,50
2151,明鵬高校,高校,大分県別府市,大分県,名門,50
2152,大分舞鶴高校,高校,大分県大分市,大分県,名門,50
2153,中津第一高等学校,高校,大分県中津,大分県,強豪,50
2154,日田第二高等学校,高校,大分県日田,大分県,強豪,50
2155,佐伯第三高等学校,高校,大分県佐伯,大分県,強豪,50
2156,臼杵第四高等学校,高校,大分県臼杵,大分県,強豪,50
2157,津久見東高等学校,高校,大分県津久見,大分県,中堅,50
2158,竹田西高等学校,高校,大分県竹田,大分県,中堅,50
2159,豊後高田南高等学校,高校,大分県豊後高田,大分県,中堅,50
2160,杵築北高等学校,高校,大分県杵築,大分県,中堅,50
2161,大分中央高等学校,高校,大分県大分,大分県,中堅,50
2162,別府新高等学校,高校,大分県別府,大分県,中堅,50
2163,中津総合高等学校,高校,大分県中津,大分県,中堅,50
2164,日田第一高等学校,高校,大分県日田,大分県,弱小,50
2165,佐伯第二高等学校,高校,大分県佐伯,大分県,弱小,50
2166,臼杵商業高等学校,高校,大分県臼杵,大分県,弱小,50
2167,津久見工業高等学校,高校,大分県津久見,大分県,弱小,50
2168,竹田農業高等学校,高校,大分県竹田,大分県,弱小,50
2169,豊後高田総合高等学校,高校,大分県豊後高田,大分県,弱小,50
2170,杵築普通高等学校,高校,大分県杵築,大分県,弱小,50
2171,大分商業高等学校,高校,大分県大分,大分県,弱小,50
2172,別府工業高等学校,高校,大分県別府,大分県,弱小,50
2173,中津農業高等学校,高校,大分県中津,大分県,弱小,50
2174,日田総合高等学校,高校,大分県日田,大分県,弱小,50
2175,佐伯普通高等学校,高校,大分県佐伯,大分県,弱小,50
2176,臼杵東高等学校,高校,大分県臼杵,大分県,弱小,50
2177,津久見西高等学校,高校,大分県津久見,大分県,弱小,50
2178,竹田南高等学校,高校,大分県竹田,大分県,弱小,50
2179,豊後高田北高等学校,高校,大分県豊後高田,大分県,弱小,50
2180,杵築中央高等学校,高校,大分県杵築,大分県,弱小,50
2181,大分新高等学校,高校,大分県大分,大分県,弱小,50
2182,別府東高等学校,高校,大分県別府,大分県,弱小,50
2201,宮崎商業高校,高校,宮崎県宮崎市,宮崎県,名門,50
2202,富島高校,高校,宮崎県日向市,宮崎県,名門,50
2203,延岡第一高等学校,高校,宮崎県延岡,宮崎県,強豪,50
2204,小林第二高等学校,高校,宮崎県小林,宮崎県,強豪,50
2205,日南第三高等学校,高校,宮崎県日南,宮崎県,強豪,50
2206,日向第四高等学校,高校,宮崎県日向,宮崎県,強豪,50
2207,西都市東高等学校,高校,宮崎県西都市,宮崎県,中堅,50
2208,えびの西高等学校,高校,宮崎県えびの,宮崎県,中堅,50
2209,三股南高等学校,高校,宮崎県三股,宮崎県,中堅,50
2210,高千穂北高等学校,高校,宮崎県高千穂,宮崎県,中堅,50
2211,宮崎中央高等学校,高校,宮崎県宮崎,宮崎県,中堅,50
2212,都城市新高等学校,高校,宮崎県都城市,宮崎県,中堅,50
2213,延岡総合高等学校,高校,宮崎県延岡,宮崎県,中堅,50
2214,小林第一高等学校,高校,宮崎県小林,宮崎県,弱小,50
2215,日南第二高等学校,高校,宮崎県日南,宮崎県,弱小,50
2216,日向商業高等学校,高校,宮崎県日向,宮崎県,弱小,50
2217,西都市工業高等学校,高校,宮崎県西都市,宮崎県,弱小,50
2218,えびの農業高等学校,高校,宮崎県えびの,宮崎県,弱小,50
2219,三股総合高等学校,高校,宮崎県三股,宮崎県,弱小,50
2220,高千穂普通高等学校,高校,宮崎県高千穂,宮崎県,弱小,50
2221,宮崎学園商業高等学校,高校,宮崎県宮崎,宮崎県,弱小,50
2222,都城市工業高等学校,高校,宮崎県都城市,宮崎県,弱小,50
2223,延岡農業高等学校,高校,宮崎県延岡,宮崎県,弱小,50
2224,小林総合高等学校,高校,宮崎県小林,宮崎県,弱小,50
2225,日南普通高等学校,高校,宮崎県日南,宮崎県,弱小,50
2226,日向東高等学校,高校,宮崎県日向,宮崎県,弱小,50
2227,西都市西高等学校,高校,宮崎県西都市,宮崎県,弱小,50
2228,えびの南高等学校,高校,宮崎県えびの,宮崎県,弱小,50
2229,三股北高等学校,高校,宮崎県三股,宮崎県,弱小,50
2230,高千穂中央高等学校,高校,宮崎県高千穂,宮崎県,弱小,50
2231,宮崎新高等学校,高校,宮崎県宮崎,宮崎県,弱小,50
2232,都城市東高等学校,高校,宮崎県都城市,宮崎県,弱小,50
2251,神邑学園高校,高校,鹿児島県いちき串木野市,鹿児島県,名門,50
2252,鹿児島第一実業高校,高校,鹿児島県鹿児島市,鹿児島県,名門,50
2253,枕崎第一高等学校,高校,鹿児島県枕崎,鹿児島県,強豪,50
2254,阿久根第二高等学校,高校,鹿児島県阿久根,鹿児島県,強豪,50
2255,出水第三高等学校,高校,鹿児島県出水,鹿児島県,強豪,50
2256,指宿第四高等学校,高校,鹿児島県指宿,鹿児島県,強豪,50
2257,西之表東高等学校,高校,鹿児島県西之表,鹿児島県,中堅,50
2258,垂水西高等学校,高校,鹿児島県垂水,鹿児島県,中堅,50
2259,薩摩川内南高等学校,高校,鹿児島県薩摩川内,鹿児島県,中堅,50
2260,日置北高等学校,高校,鹿児島県日置,鹿児島県,中堅,50
2261,鹿児島中央高等学校,高校,鹿児島県鹿児島,鹿児島県,中堅,50
2262,鹿屋新高等学校,高校,鹿児島県鹿屋,鹿児島県,中堅,50
2263,枕崎総合高等学校,高校,鹿児島県枕崎,鹿児島県,中堅,50
2264,阿久根第一高等学校,高校,鹿児島県阿久根,鹿児島県,弱小,50
2265,出水第二高等学校,高校,鹿児島県出水,鹿児島県,弱小,50
2266,指宿商業高等学校,高校,鹿児島県指宿,鹿児島県,弱小,50
2267,西之表工業高等学校,高校,鹿児島県西之表,鹿児島県,弱小,50
2268,垂水農業高等学校,高校,鹿児島県垂水,鹿児島県,弱小,50
2269,薩摩川内総合高等学校,高校,鹿児島県薩摩川内,鹿児島県,弱小,50
2270,日置普通高等学校,高校,鹿児島県日置,鹿児島県,弱小,50
2271,鹿児島商業高等学校,高校,鹿児島県鹿児島,鹿児島県,弱小,50
2272,鹿屋工業高等学校,高校,鹿児島県鹿屋,鹿児島県,弱小,50
2273,枕崎農業高等学校,高校,鹿児島県枕崎,鹿児島県,弱小,50
2274,阿久根総合高等学校,高校,鹿児島県阿久根,鹿児島県,弱小,50
2275,出水普通高等学校,高校,鹿児島県出水,鹿児島県,弱小,50
2276,指宿東高等学校,高校,鹿児島県指宿,鹿児島県,弱小,50
2277,西之表西高等学校,高校,鹿児島県西之表,鹿児島県,弱小,50
2278,垂水南高等学校,高校,鹿児島県垂水,鹿児島県,弱小,50
2279,薩摩川内北高等学校,高校,鹿児島県薩摩川内,鹿児島県,弱小,50
2280,日置中央高等学校,高校,鹿児島県日置,鹿児島県,弱小,50
2281,鹿児島新高等学校,高校,鹿児島県鹿児島,鹿児島県,弱小,50
2282,鹿屋東高等学校,高校,鹿児島県鹿屋,鹿児島県,弱小,50
2301,沖縄奨学高校,高校,沖縄県那覇市,沖縄県,名門,50
2302,江南高校,高校,沖縄県那覇市,沖縄県,名門,50
2303,宜野湾第一高等学校,高校,沖縄県宜野湾,沖縄県,強豪,50
2304,石垣第二高等学校,高校,沖縄県石垣,沖縄県,強豪,50
2305,浦添第三高等学校,高校,沖縄県浦添,沖縄県,強豪,50
2306,名護第四高等学校,高校,沖縄県名護,沖縄県,強豪,50
2307,糸満東高等学校,高校,沖縄県糸満,沖縄県,中堅,50
2308,豊見城西高等学校,高校,沖縄県豊見城,沖縄県,中堅,50
2309,うるま南高等学校,高校,沖縄県うるま,沖縄県,中堅,50
2310,宮古島北高等学校,高校,沖縄県宮古島,沖縄県,中堅,50
2311,那覇中央高等学校,高校,沖縄県那覇,沖縄県,中堅,50
2312,沖縄新高等学校,高校,沖縄県沖縄,沖縄県,中堅,50
2313,宜野湾総合高等学校,高校,沖縄県宜野湾,沖縄県,中堅,50
2314,石垣第一高等学校,高校,沖縄県石垣,沖縄県,弱小,50
2315,浦添第二高等学校,高校,沖縄県浦添,沖縄県,弱小,50
2316,名護商業高等学校,高校,沖縄県名護,沖縄県,弱小,50
2317,糸満工業高等学校,高校,沖縄県糸満,沖縄県,弱小,50
2318,豊見城農業高等学校,高校,沖縄県豊見城,沖縄県,弱小,50
2319,うるま総合高等学校,高校,沖縄県うるま,沖縄県,弱小,50
2320,宮古島普通高等学校,高校,沖縄県宮古島,沖縄県,弱小,50
2321,那覇商業高等学校,高校,沖縄県那覇,沖縄県,弱小,50
2322,沖縄工業高等学校,高校,沖縄県沖縄,沖縄県,弱小,50
2323,宜野湾農業高等学校,高校,沖縄県宜野湾,沖縄県,弱小,50
2324,石垣総合高等学校,高校,沖縄県石垣,沖縄県,弱小,50
2325,浦添普通高等学校,高校,沖縄県浦添,沖縄県,弱小,50
2326,名護東高等学校,高校,沖縄県名護,沖縄県,弱小,50
2327,糸満西高等学校,高校,沖縄県糸満,沖縄県,弱小,50
2328,豊見城南高等学校,高校,沖縄県豊見城,沖縄県,弱小,50
2329,うるま北高等学校,高校,沖縄県うるま,沖縄県,弱小,50
2330,宮古島中央高等学校,高校,沖縄県宮古島,沖縄県,弱小,50
2331,那覇新高等学校,高校,沖縄県那覇,沖縄県,弱小,50
2332,沖縄東高等学校,高校,沖縄県沖縄,沖縄県,弱小,50
